"","p_val","avg_logFC","pct.1","pct.2","p_val_adj"
"PDX11",2.98540455906789e-144,1.37832989599078,0.747,0.13,5.95289669078138e-140
"AT4G23590",8.29947719539074e-140,2.0303274908679,0.969,0.201,1.65491575276091e-135
"CYP81F4",2.42366967149482e-138,1.91956563191114,0.833,0.397,4.83279732496067e-134
"BAM2.1",3.61990089207714e-138,0.828749973646111,0.617,0.167,7.21808237880181e-134
"ADF9",1.25540765288013e-128,3.36683453444754,0.333,0.031,2.50328285984298e-124
"AT1G70420",2.68231352042345e-127,1.26748392792226,0.778,0.154,5.34853315972436e-123
"YUC3",8.72002253909905e-123,2.13001727114804,0.463,0.04,1.73877249429635e-118
"HTR2",5.08703024669409e-121,2.27237721488215,0.759,0.372,1.0143538311908e-116
"LBD6",7.22896561925447e-121,1.278938035706,0.623,0.022,1.44145574447934e-116
"NAI1",2.43743067083325e-119,1.45955244988097,0.957,0.38,4.8602367576415e-115
"RGF3",7.90580808785536e-116,2.84364483516182,0.457,0.013,1.57641813271836e-111
"XBAT35",5.9119515442329e-114,0.757377291168503,0.556,0.364,1.17884313792004e-109
"AT3G51750",7.69534413208435e-113,1.28344384274001,0.784,0.324,1.53445161993762e-108
"YUC8",2.44955665359624e-110,1.67217871290416,0.889,0.18,4.8844159672709e-106
"SPT",1.5179499836823e-108,0.936789833991715,0.549,0.094,3.02679226746252e-104
"AT3G01690",4.64298426912384e-107,0.6940834076335,0.444,0.112,9.25811063263293e-103
"ENODL2",2.43053090151878e-106,1.9846123547606,0.58,0.044,4.84647861762845e-102
"AT1G56680",2.48040764930262e-105,1.07737059095541,0.636,0.035,4.94593285270943e-101
"PRE2",2.67093328392447e-105,1.40117223000844,0.778,0.072,5.3258409681454e-101
"AT5G53500",1.11923325946629e-103,1.08740325812214,0.685,0.182,2.23175111937578e-99
"HTR2.4",1.01114292336477e-102,2.3842169054003,0.623,0.309,2.01621898918935e-98
"AT3G47800",2.03711931751961e-101,1.39921462145532,0.759,0.17,4.0620159191341e-97
"LSF2",1.40660988798399e-100,0.882977404832928,0.679,0.222,2.80478011664008e-96
"AT1G72490",2.81309914805642e-100,1.91419716566422,0.426,0.049,5.6093197012245e-96
"HTB1",1.14714057678602e-98,1.45810022999526,0.648,0.237,2.28739831011132e-94
"At17.1",1.13959593200336e-96,1.2813932300017,0.833,0.259,2.27235428841469e-92
"DFC",4.30642635109769e-96,1.58863784402919,0.895,0.197,8.58701414408879e-92
"UXS6",4.42948922574562e-95,0.989781507581351,0.932,0.222,8.83240151613677e-91
"HTR2.1",4.64662156329543e-95,1.94058455751589,0.531,0.155,9.26536339721108e-91
"AT2G44280",5.88132286865313e-95,0.857674808893568,0.636,0.232,1.17273578000943e-90
"HTA8",9.98466301717106e-94,1.17065170138292,0.778,0.098,1.99094180562391e-89
"AT2G41800",5.71266339466131e-93,1.29079565087623,0.988,0.372,1.13910508089547e-88
"AT4G24710",1.81074660279324e-92,0.533429637857454,0.383,0.045,3.61062872596971e-88
"AT3G18230",1.55096359444073e-91,0.78868182755677,0.537,0.144,3.09262140731482e-87
"AT2G31940",1.35304251756629e-90,1.74259040212433,0.914,0.267,2.69796678002719e-86
"AT5G62340",7.8910789828039e-87,1.49685248027484,0.87,0.159,1.5734811491711e-82
"WOX12",9.69856835244844e-86,1.15785701169139,0.494,0.059,1.93389452947822e-81
"PHYA",7.29849679544231e-83,0.512937074888552,0.377,0.246,1.4553202610112e-78
"DOF1.2",2.90680494002894e-82,1.03274967576406,0.537,0.031,5.7961690504177e-78
"AT3G61930",1.38176564763206e-80,1.30406748503095,0.679,0.073,2.75524070137832e-76
"PEX11D",1.90648997725124e-80,0.781147735355291,0.42,0.038,3.80154101463896e-76
"AT3G42180",2.31068598817685e-80,1.10507445006008,0.642,0.064,4.60750786042464e-76
"CLE13",1.43829515523176e-79,1.26257720471373,0.796,0.222,2.86796053953213e-75
"HTR2.3",4.67557946408361e-79,2.62613440842255,0.481,0.161,9.32310545138273e-75
"AT3G26700",8.15362244122788e-79,0.345899390069835,0.222,0.238,1.62583231478084e-74
"AT5PTASE11",1.82641567584517e-78,1.56657253677158,0.704,0.173,3.64187285763526e-74
"UGT73B4",2.45102301745595e-78,1.19455703940569,0.938,0.388,4.88733989680717e-74
"H2B.1",3.33648960678429e-78,1.61625781081336,0.525,0.13,6.65296027592787e-74
"IDN2",3.94256045510938e-78,0.504068841303111,0.401,0.086,7.8614655474881e-74
"ACA13",1.07461354900979e-77,1.27096850447417,0.778,0.236,2.14277941672553e-73
"ASPG1",1.54921415405539e-77,0.944073775511044,0.673,0.208,3.08913302318644e-73
"HTA2",1.6570800694762e-77,1.38882551472648,0.519,0.239,3.30421765853554e-73
"RGF2",4.25597508024958e-77,2.94819131026243,0.278,0.007,8.48641431001767e-73
"AT1G79710",1.5053330727723e-76,0.599756444281197,0.457,0.242,3.00163414710796e-72
"AT4G25260",3.0573481421151e-76,1.42154396084535,0.877,0.3,6.09635219537751e-72
"TMN5",3.78848051181778e-76,0.468282613759893,0.389,0.238,7.55423014056465e-72
"GWD1",1.17100294830599e-75,0.634181245176871,0.475,0.072,2.33497987892215e-71
"AGL21",2.39685511056332e-75,0.337043828520171,0.296,0.101,4.77932909046327e-71
"AT1G75710",3.07649620924435e-75,0.93920976968627,0.747,0.151,6.13453344123323e-71
"HTA6",3.91644319585024e-75,2.26424732128979,0.556,0.22,7.80938773252538e-71
"AT3G57160",5.65312840257213e-74,0.719478402017584,0.352,0.029,1.12723380347288e-69
"AT4G38410",3.61857370917668e-73,1.80559711632232,0.531,0.086,7.2154359760983e-69
"PER61",6.18760231432873e-73,1.69622455376624,0.698,0.109,1.23380790147715e-68
"RAP2-3",6.38437008102325e-73,1.07177119913141,0.63,0.224,1.27304339415604e-68
"CYP87A2",1.94356294093437e-72,1.48636542434,0.772,0.347,3.87546450422312e-68
"RGS1",3.01204668626653e-72,0.553203804439008,0.481,0.206,6.00602109241545e-68
"AT1G32860",5.90508998856123e-72,1.066148262043,0.852,0.371,1.17747494371911e-67
"AT5G14020",1.10861221253289e-70,1.01438693263739,0.784,0.227,2.21057275179058e-66
"AT5G65683",8.48022712343909e-70,0.82972397853983,0.747,0.263,1.69095728841376e-65
"AT2G34020",3.60662802443749e-69,0.861195225198872,0.66,0.102,7.19161628072836e-65
"AT5G06440",4.33227134283559e-68,0.297626828407597,0.247,0.115,8.63854905761416e-64
"TPS22",7.62187285898602e-68,0.796441060466725,0.66,0.086,1.51980144808181e-63
"NIA1",7.82330825023101e-67,0.663540998732533,0.469,0.124,1.55996766509606e-62
"AT4G35720",1.1022722310542e-66,0.867478312594392,0.321,0.011,2.19793082872208e-62
"SMB",1.15620405438051e-66,0.744835407116816,0.58,0.057,2.30547088443475e-62
"AT4G25310",3.21550804939451e-66,0.83819407343031,0.611,0.069,6.41172305049266e-62
"NCED2",5.74815114152969e-66,0.685653107787478,0.265,0.011,1.14618133762102e-61
"AT4G17610",8.13317620827895e-66,0.544540489052722,0.253,0.044,1.62175533593082e-61
"AHL8",1.04263493158203e-65,0.639749428752893,0.475,0.042,2.07901405357457e-61
"MVP1",2.40670499907663e-65,1.08818916082516,0.938,0.398,4.7989697681588e-61
"AT1G18265",3.25882161765488e-65,0.684110304694884,0.296,0.064,6.49809030560382e-61
"AT1G13530",7.37434980750002e-64,0.560533640225652,0.383,0.119,1.4704453516155e-59
"AT4G01240",2.09950567750248e-62,0.862315396853943,0.691,0.117,4.18641432093995e-58
"LBD15",5.20445260032233e-62,0.83388289546825,0.617,0.08,1.03776784850427e-57
"GLL22",6.84208704407696e-62,1.12050677884055,0.914,0.361,1.36431215658895e-57
"AT5G01670",2.55129742475147e-61,0.492015189558858,0.296,0.035,5.08728706495443e-57
"PGM.1",1.24503854182024e-59,1.06854351779333,0.87,0.311,2.48260685238957e-55
"AT3G18950",2.78996748334646e-59,1.15825920421792,0.691,0.156,5.56319516179284e-55
"AIL6",4.54404946554486e-59,0.696038895534431,0.593,0.102,9.06083463429644e-55
"REM17",1.7443232912487e-58,0.533839472394837,0.247,0.002,3.47818064274991e-54
"AT1G78520",2.27273608240441e-58,1.11826840350667,0.42,0.046,4.53183574831438e-54
"AT1G17285",9.94271796425049e-58,1.0389582359273,0.722,0.187,1.98257796207155e-53
"PPA2",1.21476991728129e-57,0.872684692640817,0.673,0.274,2.4222512150589e-53
"AT1G14820",3.64729765471975e-57,0.691817678680659,0.617,0.152,7.27271152351118e-53
"AT3G45930",5.1931993233094e-56,1.23195383352203,0.469,0.129,1.03552394506789e-51
"JAL41",6.71583026071051e-56,1.23726370752413,0.852,0.384,1.33913655398568e-51
"AT1G23160",7.54797875762556e-56,0.805604369654383,0.494,0.047,1.50506696427054e-51
"AT1G15170",6.88156597857952e-55,0.578866331444271,0.531,0.105,1.37218425612876e-50
"HIR2",1.96474672889011e-54,0.785456550887772,0.457,0.195,3.91770497740688e-50
"APS1.1",2.18363755011328e-54,0.68546837242548,0.648,0.14,4.35417327492588e-50
"TULP6",1.96357375410333e-53,0.442984073009976,0.407,0.134,3.91536606568203e-49
"AT3G46320",4.20453844052142e-53,1.2219000020596,0.42,0.091,8.38384965039972e-49
"AT5G66780",5.7693956095292e-52,1.25510518171076,0.796,0.399,1.15041748454012e-47
"AT5G06750",1.10188044719835e-51,0.643676002459478,0.636,0.364,2.19714961171351e-47
"HON4",1.19757044896625e-51,0.49394579637356,0.395,0.193,2.38795547523871e-47
"AT5G47050",3.95363649748657e-51,0.942266697181797,0.784,0.332,7.88355117598821e-47
"AT1G19115",1.60168331135525e-50,0.384182656055998,0.241,0.023,3.19375652284237e-46
"AT2G23110",1.65848483873273e-50,0.888154938318272,0.599,0.115,3.30701876843307e-46
"MED36B",1.95207758706844e-50,0.656948325875946,0.759,0.23,3.89244270861447e-46
"SSL2",4.59315149885605e-50,0.862944383785253,0.63,0.137,9.15874408871896e-46
"RALFL34",6.28325825902699e-50,0.812741718731835,0.698,0.266,1.25288169684998e-45
"PP2B11",1.39469424265005e-49,0.826624738832755,0.796,0.267,2.7810203198442e-45
"AT5G60520",1.9270416454222e-49,0.851244023451223,0.519,0.067,3.84252104097186e-45
"JAL33",8.78485435333719e-49,1.36708976553721,0.784,0.328,1.75169995805544e-44
"AT1G49475",1.13480266714948e-48,0.404671862358711,0.259,0.029,2.26279651829606e-44
"FIM1",1.70916356714076e-48,0.507254122325888,0.457,0.135,3.40807215287868e-44
"AT4G28170",2.18203924288508e-48,0.349123354174772,0.265,0.008,4.35098625031285e-44
"AT1G78200",6.67685773138185e-48,0.492705082652796,0.475,0.175,1.33136543163754e-43
"AT1G25260",8.41916712313272e-48,0.752053488775248,0.802,0.271,1.67878192435266e-43
"AT5G51470",8.82517933822908e-48,0.499153746179329,0.333,0.018,1.75974076004288e-43
"GGPPS9",4.30526594303174e-47,0.807442525305037,0.617,0.119,8.5847002904053e-43
"AT2G28870",4.42594377947332e-47,1.01844057547284,0.364,0.037,8.8253318962698e-43
"APK2A",6.01578862978616e-47,0.768844926233597,0.759,0.334,1.19954825277936e-42
"AT3G17160",7.07476115372544e-47,0.852407745943714,0.519,0.121,1.41070737405285e-42
"DGK7",9.52306854284346e-47,0.53880475504713,0.463,0.139,1.89889986744299e-42
"AT4G17720",9.90997085779513e-47,0.817647119861613,0.765,0.399,1.97604818904435e-42
"COBL1",1.3224837440112e-46,0.290794944618687,0.173,0.006,2.63703258555832e-42
"AT1G53070",1.91694344285801e-46,0.438579122506178,0.296,0.013,3.82238522505887e-42
"AT3G48460",1.51852735419388e-45,0.905382645278762,0.475,0.085,3.0279435442626e-41
"AT2G17442",5.58993947325496e-45,0.256269701560914,0.173,0.046,1.11463393096704e-40
"UGT73B2",2.04797571910235e-44,0.651250739564509,0.383,0.294,4.08366358389009e-40
"AT3G48450",2.1491166260483e-44,1.32752767197069,0.599,0.131,4.28533855234031e-40
"DSP4",7.61573800346541e-44,0.498529088019569,0.432,0.055,1.518578157891e-39
"CYP709B2",1.00963968171943e-43,0.727207458354043,0.432,0.051,2.01322152534854e-39
"RABA5B",1.33021842102776e-43,0.709836148498919,0.642,0.156,2.65245553152935e-39
"RPI1",2.2638413355851e-43,0.546522801937898,0.519,0.192,4.51409962315668e-39
"RPL28C",3.41691504024866e-43,0.59199141083676,0.84,0.348,6.81332859025582e-39
"HTA3",5.35255870549939e-43,1.50632176545316,0.506,0.198,1.06730020587658e-38
"ZFP6",1.22219752784658e-42,0.770336819251075,0.475,0.34,2.43706187052609e-38
"SUS1.1",1.94740291589477e-42,0.708746550695184,0.451,0.22,3.88312141429418e-38
"AT1G33590",2.26433749189973e-42,0.891805749312835,0.796,0.331,4.51508895884806e-38
"AGP31",2.8117368913152e-42,1.07752053567505,0.765,0.264,5.60660336128251e-38
"BHLH49",3.08216673055646e-42,0.562099737732914,0.63,0.36,6.14584046072958e-38
"AT5G54970",5.5411427638007e-42,0.737133646218801,0.611,0.179,1.10490386710186e-37
"ENODL16",6.41076501883182e-42,0.610356501839382,0.519,0.088,1.27830654475506e-37
"UGT85A1",6.74731081011856e-42,0.968104435550166,0.827,0.379,1.34541377553764e-37
"AT4G21910",1.16381471945181e-41,0.675966484586832,0.667,0.223,2.32064655058692e-37
"CLE12",1.42248496110038e-41,0.799565465227364,0.735,0.276,2.83643501243416e-37
"AT5G22520",2.11453448747047e-41,0.63613791441967,0.247,0.01,4.21638176801612e-37
"PV42A",2.32111565868418e-41,0.755248310541784,0.383,0.041,4.62830462341626e-37
"ANAC052",2.49430904115619e-41,0.512409328326583,0.531,0.266,4.97365222806544e-37
"AT1G74440",2.70297683397252e-41,0.409441936072469,0.284,0.078,5.38973580694119e-37
"SRK2H",4.38315438941416e-41,0.8491873995445,0.728,0.26,8.74000985249184e-37
"AT5G18460",5.43340670439786e-41,0.590524674062546,0.568,0.12,1.08342129685693e-36
"SCPL9",5.80074575233355e-41,0.559321573982814,0.358,0.032,1.15666870301531e-36
"sks15",8.74430440546538e-41,0.930507203256351,0.531,0.096,1.7436142984498e-36
"ATTI4",1.37637386197059e-40,1.13870705218393,0.747,0.311,2.74448948076935e-36
"AT3G60670",1.8731978661996e-40,0.389136562339245,0.179,0.014,3.735156545202e-36
"AT1G07280",2.75120138192057e-40,0.536235780644468,0.444,0.066,5.48589555554962e-36
"AT5G26220",3.34038348873477e-40,1.04471253839027,0.63,0.182,6.66072467653713e-36
"LBD36",4.32668858517361e-40,0.58651550077441,0.531,0.128,8.62741703883618e-36
"RPL19C",6.35952207256188e-40,0.743557148197849,0.784,0.381,1.26808870126884e-35
"RPL31A",6.85238996251614e-40,0.663167076041741,0.852,0.381,1.36636655852572e-35
"AT5G59790",7.28917654577764e-40,0.621903952313755,0.451,0.17,1.45346180322806e-35
"ATFP3",7.51098818048913e-40,0.548013160265912,0.494,0.138,1.49769104318953e-35
"NOP10",9.23788784799002e-40,0.429551938758363,0.537,0.131,1.84203483688921e-35
"AT3G03620",1.10484446708501e-39,0.280595707167018,0.173,0.002,2.20305986736751e-35
"DPBF4",1.4194858835791e-39,0.550982356037517,0.506,0.158,2.83045485185672e-35
"AT3G55646",2.18505485009262e-39,0.575590776274955,0.29,0.018,4.35699937108469e-35
"ORTH2",2.59495002291288e-39,0.578642307568895,0.463,0.077,5.17433034568829e-35
"AT5G18470",4.64257312531361e-39,0.86975186049981,0.475,0.19,9.25729081187533e-35
"AT2G28720",5.41521467806564e-39,0.951461487811184,0.352,0.086,1.07979380680629e-34
"AT4G13690",8.99092067591871e-39,0.313026160354549,0.284,0.021,1.79278958277819e-34
"RPL13AD",1.75845413494042e-38,0.570645523821508,0.778,0.302,3.50635754507121e-34
"RFC4",2.51416939417814e-38,0.476316251037356,0.525,0.218,5.01325377199121e-34
"RTFL9",2.96156274382691e-38,0.566995895233045,0.309,0.021,5.90535611119086e-34
"AT3G09480",3.40469844419409e-38,0.734654247382119,0.42,0.178,6.78896869772301e-34
"MKK6",6.40866220104423e-38,0.453410305621482,0.414,0.053,1.27788724288822e-33
"NAC016",8.46362886849324e-38,0.271214840129088,0.241,0.037,1.68764759637755e-33
"ARF16",8.48684890426066e-38,0.676209949487175,0.519,0.137,1.69227767150957e-33
"RPL26B",1.36809669538523e-37,0.721093243149142,0.827,0.395,2.72798481059814e-33
"AT4G22190",2.39236032299092e-37,0.555440186110222,0.642,0.385,4.7703664840439e-33
"AT5G40645",2.8872364856504e-37,0.307380730931638,0.191,0.03,5.75714955238691e-33
"ARF5",2.97230554631692e-37,0.705781824870169,0.685,0.308,5.92677725935593e-33
"AT2G31945",3.29564879241425e-37,0.978255990769282,0.753,0.309,6.57152369207402e-33
"AT5G13370",5.85117635834866e-37,0.383868211833566,0.272,0.035,1.16672456585472e-32
"DPE2",6.42558873212849e-37,0.527121448530398,0.494,0.131,1.28126239318642e-32
"AT1G44760",7.385659328076e-37,0.963290064619417,0.623,0.274,1.47270047001835e-32
"AT1G27100",8.29841518809909e-37,0.683685023929369,0.679,0.393,1.65470398850696e-32
"BGLU25",9.02358045504475e-37,0.674553484048127,0.809,0.384,1.79930194273592e-32
"AT3G10780",9.19157724292624e-37,0.462547463881866,0.228,0.008,1.83280050223949e-32
"WRKY23",1.04819234449697e-36,0.809306937239532,0.735,0.263,2.09009553492697e-32
"AT5G44580",1.41370020421265e-36,0.402880099709054,0.16,0.012,2.81891820720002e-32
"AT4G35070",2.17046293579076e-36,0.657399734125296,0.463,0.188,4.32790309396677e-32
"PHS2",2.56805223278389e-36,0.450162277531869,0.407,0.073,5.12069615217107e-32
"AT5G55110",8.43923402929848e-36,0.769441818987923,0.5,0.1,1.68278326544212e-31
"RPL11B",1.81070423541956e-35,0.372745322615099,0.642,0.234,3.6105442454266e-31
"KICP-02",1.90729105747562e-35,0.34533868407811,0.327,0.037,3.80313836860639e-31
"AT5G20260",2.14325961289007e-35,0.2832266687784,0.21,0.007,4.27365966810281e-31
"AT5G64080",2.9903878513948e-35,0.576475260216974,0.42,0.097,5.96283337568124e-31
"PIN2",3.54836487704561e-35,0.730493032514926,0.66,0.238,7.07543956482895e-31
"CML4",1.06558291654705e-34,0.98413146020753,0.42,0.081,2.12477233559481e-30
"AT1G50720",1.49516600960101e-34,0.326413109597563,0.284,0.021,2.98136102314442e-30
"AT4G26310",2.62830448021445e-34,0.313433148856889,0.346,0.25,5.24083913354762e-30
"AT3G60650",4.7993016540923e-34,0.352782638599561,0.142,0.001,9.56980749826005e-30
"AT1G24095",7.98282331233554e-34,0.476267971688838,0.42,0.115,1.59177496847971e-29
"PUB18",9.50213724923825e-34,0.519835446360798,0.463,0.114,1.89472616749811e-29
"AT2G46850",1.17105536007618e-33,0.293615210464984,0.191,0.006,2.33508438799189e-29
"AT1G63980",4.46510597070316e-33,0.594318152787236,0.753,0.376,8.9034213055821e-29
"AT4G32250",5.61660627241312e-33,0.340574832292728,0.414,0.166,1.11995129071918e-28
"HTR11",7.50565884073287e-33,0.607163521824179,0.302,0.07,1.49662837284213e-28
"EXLA1",7.8071769021338e-33,1.31773695858544,0.531,0.35,1.55675107428548e-28
"CYP705A12",9.32460906124955e-33,0.684556804678457,0.556,0.187,1.85932704681316e-28
"PRE3",9.34064290160377e-33,0.875227266085742,0.728,0.288,1.86252419457979e-28
"AT2G05330",1.08308018750432e-32,0.636264447441057,0.16,0.003,2.15966189388361e-28
"AT1G74490",1.8338863102866e-32,0.747179979014776,0.586,0.175,3.65676930271148e-28
"NRPB6A",1.8619444764999e-32,0.485884162101298,0.66,0.4,3.71271728614081e-28
"CYP72A15",2.80987359277292e-32,0.688077634866647,0.259,0.142,5.6028879439892e-28
"CDF4",5.27060072930015e-32,0.917790451280904,0.765,0.31,1.05095778542245e-27
"AT4G13210",5.97880782598612e-32,0.268947108409296,0.241,0.014,1.19217428050163e-27
"MKK9",8.78939588214483e-32,0.811719843616294,0.63,0.254,1.75260553889968e-27
"AT2G41650",9.8957506806312e-32,0.580167142663012,0.623,0.21,1.97321268571786e-27
"JAL20",1.01491545174607e-31,0.915034664040993,0.679,0.331,2.02374141078167e-27
"CALS3",1.11981331114051e-31,0.414138179203224,0.407,0.11,2.23290774241418e-27
"VPS2.2",1.54607541018499e-31,0.530239497420763,0.519,0.136,3.08287436790887e-27
"GLL23",1.67653326596636e-31,0.98203045435736,0.562,0.152,3.34300733233692e-27
"sks16",4.86381318811438e-31,0.545362450391139,0.383,0.066,9.69844349710007e-27
"AT1G69526",6.33466741779546e-31,0.67257368106719,0.58,0.182,1.26313268310842e-26
"AT5G08180",7.49263722498062e-31,0.57380211672374,0.611,0.195,1.49403186266114e-26
"AT2G44860",1.01104196787118e-30,0.541302661361835,0.759,0.348,2.01601768393512e-26
"NPF5.12",1.29561191808583e-30,0.890221514574717,0.605,0.287,2.58345016466314e-26
"AT3G26240",3.41518780088891e-30,0.550542034978496,0.377,0.129,6.80988447497249e-26
"AT5G10110",4.56971228982832e-30,0.284418944287847,0.34,0.173,9.11200630591766e-26
"ATL69",7.44816636162339e-30,0.30769809338035,0.315,0.036,1.4851643725077e-25
"BRN1",8.44546735637446e-30,0.550808193797033,0.37,0.056,1.68402619086107e-25
"RSH2.1",8.9465255992246e-30,0.464696444180352,0.525,0.222,1.78393720448539e-25
"PDPK1",9.79198789237377e-30,0.293635241321212,0.333,0.298,1.95252238573933e-25
"MLO4",1.13630023519462e-29,0.586278979991446,0.66,0.26,2.26578266897807e-25
"PAP18",1.58118306551405e-29,0.412015943779412,0.494,0.285,3.15287903263502e-25
"XTH28",1.58864579955773e-29,0.524516306557785,0.438,0.149,3.16775972431812e-25
"DELTA-OAT",1.98604437341164e-29,0.386852755643887,0.432,0.272,3.96017248058281e-25
"AT5G48650",2.2767626541015e-29,0.382480068173834,0.309,0.078,4.5398647322784e-25
"CRK5",2.42840119958096e-29,0.433741649443894,0.5,0.236,4.84223199196444e-25
"UGT75D1",2.61948236537217e-29,0.518804549775538,0.389,0.158,5.22324783655211e-25
"AT5G65750",3.19071079799243e-29,0.323866713541593,0.346,0.199,6.36227733119691e-25
"CLPS5",3.73622098392502e-29,0.280226937956764,0.167,0.005,7.4500246419465e-25
"AT1G17400",4.1751965105856e-29,0.348715828528977,0.123,0.001,8.32534184210768e-25
"RH7",5.60324892711663e-29,0.56349675113436,0.636,0.236,1.11728783606706e-24
"SNRNP-G",6.15622982651149e-29,0.55654626092699,0.784,0.378,1.22755222740639e-24
"TOE3",8.45064626492826e-29,0.355682475158438,0.241,0.025,1.6850588652267e-24
"ckl12",1.26955288234765e-28,0.398420845965981,0.568,0.393,2.53148844740121e-24
"AT5G52070",2.95132529666385e-28,0.456307589003653,0.593,0.364,5.88494264154771e-24
"GATA2",3.76194177578094e-28,0.274728433398826,0.537,0.183,7.5013119009072e-24
"AT3G09830",3.76368720540691e-28,0.441796586567746,0.432,0.182,7.50479228758137e-24
"AT1G59960",3.9368173519256e-28,0.576099108800922,0.704,0.331,7.85001379973965e-24
"FKBP17-3",4.58198630796538e-28,0.511413828547408,0.506,0.201,9.13648069808297e-24
"AT1G74010",6.96314451451164e-28,0.529003758928199,0.531,0.146,1.38845101619362e-23
"MAPKKK19",6.98441054151956e-28,0.539491907254053,0.42,0.136,1.392691461979e-23
"ATG8G",7.0098095929408e-28,0.549099846207447,0.586,0.371,1.3977560328324e-23
"RPL9D",8.80929107045002e-28,0.284717489669426,0.549,0.194,1.75657263944773e-23
"AT5G10190",1.13044925250243e-27,0.358382186879767,0.432,0.212,2.25411580948985e-23
"AT3G60520",1.2137650738447e-27,0.690275827200624,0.648,0.243,2.42024755724633e-23
"NRPB10",1.29140158190118e-27,0.489366907974374,0.519,0.162,2.57505475431096e-23
"AT3G07320",1.30692920627664e-27,0.605725230732335,0.636,0.313,2.60601683731563e-23
"LBD13",2.03297082839852e-27,0.736465096506477,0.66,0.281,4.05374383182665e-23
"AT4G35930",2.65014358931805e-27,0.355416790609173,0.383,0.115,5.28438631710019e-23
"FLP2",2.74529310543415e-27,1.10946409251634,0.525,0.172,5.4741144522357e-23
"AT2G35605",3.61150148990338e-27,0.5426874496023,0.642,0.259,7.20133397086734e-23
"BHLH18",3.86143646590786e-27,0.417216983170457,0.278,0.046,7.69970431302027e-23
"BRI1",4.98623976560817e-27,0.465750524867885,0.506,0.192,9.9425620926227e-23
"EXL3.1",5.03532833592882e-27,0.411231740459051,0.241,0.085,1.00404447018421e-22
"AT5G57500",5.84282900439861e-27,0.438830791793596,0.401,0.081,1.16506010347708e-22
"NSP4",6.72895646693149e-27,0.689421107541456,0.741,0.349,1.34175391950614e-22
"NAP1;1",6.94979482407297e-27,0.462989941562234,0.623,0.252,1.38578908792015e-22
"ABCG1",8.87972002337504e-27,0.852196934216663,0.5,0.167,1.77061617266098e-22
"SDR3A",1.05300122329619e-26,0.480919388446226,0.457,0.169,2.09968443925261e-22
"AT3G19790",1.55917085188765e-26,0.398450366022243,0.463,0.322,3.10898667866397e-22
"UGT71B5",2.15704454852692e-26,0.308041653121438,0.29,0.036,4.30114682976268e-22
"ERF037",2.36460268954169e-26,0.370482007024816,0.247,0.024,4.71501776294613e-22
"AT4G22380",3.87988624306948e-26,0.605877001820964,0.599,0.253,7.73649316868055e-22
"AT5G50335",4.81488855948875e-26,0.574234900323748,0.154,0.029,9.60088778762056e-22
"HDT2",7.85480299101764e-26,0.433395539469293,0.753,0.371,1.56624771640892e-21
"AT1G73490",8.01578129261585e-26,0.502620178044992,0.673,0.347,1.5983467897476e-21
"AT4G39795",8.97330669838194e-26,0.459082722012171,0.315,0.047,1.78927735565736e-21
"HHP1",9.36329594535474e-26,0.641155150753019,0.512,0.151,1.86704121150373e-21
"AHL13",2.25906846595383e-25,0.369200609341668,0.451,0.227,4.50458252111195e-21
"AT3G48710",2.28722256276148e-25,0.286662184551035,0.321,0.097,4.56072179014639e-21
"HVA22C",2.75300971466889e-25,0.641229038192926,0.562,0.24,5.48950137104977e-21
"AT1G45015",3.47511445145206e-25,0.815805168631901,0.438,0.197,6.9293782161954e-21
"AT1G59710",3.56498713796476e-25,0.415963372300622,0.5,0.279,7.10858435310173e-21
"GRXC6",3.73515240806008e-25,0.516055910005073,0.481,0.224,7.4478939016718e-21
"AT4G08555",4.63108829823615e-25,0.939108379647707,0.556,0.215,9.23439006668288e-21
"BRN2.1",5.13833715565122e-25,0.409965013431017,0.315,0.047,1.02458442883685e-20
"PCNA2",5.16119171924016e-25,0.841646875297466,0.494,0.21,1.02914162881649e-20
"OVA9",5.53403094850593e-25,0.417424814841885,0.586,0.309,1.10348577113208e-20
"AT1G07660",7.26675213108503e-25,0.493443032738718,0.599,0.383,1.44899037493835e-20
"AT1G13370",7.96994548957269e-25,1.11117040459407,0.296,0.128,1.58920713062079e-20
"AHL15",8.92401106970339e-25,0.372927157327847,0.407,0.131,1.77944780729886e-20
"H2AV",1.39897366506386e-24,0.871198735792949,0.488,0.234,2.78955348813734e-20
"AT1G10530",1.90080762176912e-24,0.508416653824968,0.383,0.137,3.79021039780762e-20
"CYP705A2",1.98885091076908e-24,0.33937440301879,0.309,0.05,3.96576871607355e-20
"GATA9",2.56914581837899e-24,0.510478565678148,0.475,0.135,5.12287676184772e-20
"AT5G45490",2.8301057557333e-24,0.479042650213946,0.519,0.381,5.6432308769322e-20
"SAG101",2.84057624559621e-24,0.402448647107094,0.352,0.077,5.66410903371883e-20
"GIG1",3.60799498118454e-24,0.42796115532376,0.296,0.042,7.19434199248198e-20
"BRXL2",3.9974518065698e-24,0.481028068929418,0.519,0.214,7.97091890230019e-20
"ENDO3",4.84946951332085e-24,0.482300032045353,0.327,0.093,9.66984220956178e-20
"GRXC1",5.10976776135119e-24,0.5252679073079,0.704,0.338,1.01888769161343e-19
"AT3G03920",5.38855995261113e-24,0.312229062992497,0.525,0.204,1.07447885455066e-19
"AT1G29290",8.5029511524107e-24,0.700001180429178,0.42,0.115,1.69548845979069e-19
"PROT2",9.81117509848021e-24,0.484044601088349,0.531,0.228,1.95634831463695e-19
"AT5G12940",1.35163197997455e-23,0.815270530602331,0.648,0.294,2.69515416806925e-19
"PBP2",1.58224497998883e-23,0.672975242946578,0.617,0.261,3.15499649009773e-19
"MAPKKK5",1.86235622426523e-23,0.313024359888499,0.451,0.256,3.71353831118487e-19
"AT5G57710",2.42742038145973e-23,0.388969262721971,0.395,0.343,4.8402762406307e-19
"AT5G14550",2.78272072357723e-23,0.458987459839609,0.556,0.2,5.548745122813e-19
"AT5G09770",2.98262504435959e-23,0.511057561607689,0.642,0.291,5.94735433845303e-19
"AT2G39210",3.03798908056589e-23,0.503592962405307,0.475,0.146,6.05775022664837e-19
"RPS30C",3.28942862069435e-23,0.426611814502246,0.728,0.379,6.55912066966454e-19
"AT3G24570",3.31251000922237e-23,0.266817164055635,0.42,0.349,6.60514495838941e-19
"XTH5",3.39004860504905e-23,0.98376272309965,0.5,0.17,6.7597569184678e-19
"ABCC1",3.65817198325024e-23,0.583303428028679,0.605,0.328,7.29439493460098e-19
"AT3G59480",4.30123112593636e-23,0.558328760896812,0.438,0.124,8.57665486511709e-19
"AT3G54150",5.70511483245268e-23,0.457870713067212,0.488,0.146,1.13759989759107e-18
"UDP-GALT1",5.92463313965242e-23,0.467619395736715,0.586,0.363,1.18137184804669e-18
"AMSH2",6.64744707200526e-23,0.281376278289332,0.333,0.14,1.32550094615785e-18
"AT5G23700",1.23448712056768e-22,0.436134731164401,0.389,0.094,2.46156731841195e-18
"CYP705A30",1.48334611592618e-22,0.481494535101157,0.679,0.304,2.95779215515681e-18
"GONST2",1.51453419158261e-22,0.274161097733654,0.235,0.033,3.01998117801572e-18
"AT4G28400",1.68035862406548e-22,0.265145688603152,0.278,0.11,3.35063509638656e-18
"AT3G45730",1.82311319258108e-22,0.719883795223651,0.611,0.243,3.63528770600668e-18
"PEX11A",2.4255422515257e-22,0.32825821571081,0.494,0.339,4.83653124954225e-18
"TIC32",2.50779539762024e-22,0.583476796790539,0.63,0.308,5.00054402285475e-18
"RFC5",3.0468575837743e-22,0.32575913678588,0.358,0.161,6.07543402204595e-18
"XYP11",3.15398056664015e-22,0.489142119219642,0.537,0.187,6.28903724988046e-18
"BHLH60",3.34348542272404e-22,0.494604400328593,0.636,0.359,6.66690993291174e-18
"ALDH3F1",3.45527040108672e-22,0.605784732969096,0.37,0.101,6.88980917976693e-18
"ZFP5",4.87948892883771e-22,0.611175167460218,0.42,0.113,9.7297009241024e-18
"ICL",7.62119010478373e-22,0.602467825048,0.241,0.051,1.51966530689388e-17
"RPI2",8.21652145518227e-22,0.290437187048201,0.327,0.102,1.63837437816334e-17
"RGXT2",8.79071397943744e-22,0.741448314233869,0.543,0.281,1.75286836749982e-17
"ATMES10",9.60568138515564e-22,0.337556311959233,0.16,0.009,1.91537286820004e-17
"ALS",9.79622237230976e-22,0.453754886069907,0.648,0.371,1.95336674103857e-17
"AT1G23850",1.38070854239029e-21,0.531915609965414,0.519,0.279,2.75313283352623e-17
"AT1G48330",1.38200361621348e-21,0.636276466021783,0.679,0.359,2.75571521072967e-17
"AT1G22270",1.38767315167985e-21,0.445555958533719,0.654,0.349,2.76702026444963e-17
"AT1G80245",1.70683423405788e-21,0.291693056281239,0.327,0.12,3.40342746271141e-17
"AIR3",3.42798162688126e-21,0.60195161958271,0.648,0.289,6.83539536400122e-17
"AT1G70000",4.372584962733e-21,0.450534958709169,0.617,0.385,8.71893441568961e-17
"BSH",4.85576251210063e-21,0.387670313160153,0.463,0.235,9.68239044912865e-17
"RNR1",4.95003813356561e-21,0.269978485335358,0.216,0.047,9.87037603832982e-17
"PRP19A",4.97693213336776e-21,0.332882157410138,0.469,0.282,9.92400267393531e-17
"AT4G33145",5.15741797447887e-21,0.251419445332455,0.148,0.009,1.02838914411109e-16
"PDX2",5.80974686344865e-21,0.394909896616542,0.556,0.33,1.15846352457166e-16
"AT1G15385",7.11922908290932e-21,0.5767874169003,0.512,0.176,1.41957427913212e-16
"ECT1",9.16466552604504e-21,0.380978872977623,0.407,0.19,1.82743430589338e-16
"PME7",9.16616143830733e-21,0.570629819136415,0.469,0.167,1.82773259079848e-16
"AT5G60530",1.05014385759694e-20,0.406351532698471,0.389,0.111,2.0939868520483e-16
"B3GALT3",1.4459478729962e-20,0.294918507493123,0.284,0.079,2.88322005875443e-16
"AT5G56910",1.50297123133629e-20,0.29050073502901,0.315,0.124,2.99692463528456e-16
"CPK28",1.50507367880479e-20,0.371291342177245,0.543,0.389,3.00111691553675e-16
"AT4G28820",1.58146036964977e-20,0.299058492573339,0.302,0.071,3.15343197708164e-16
"CYP81D4",1.67862197204872e-20,0.445132307476205,0.574,0.369,3.34717221226515e-16
"IPS1.1",2.21058783745038e-20,0.666626992813215,0.593,0.252,4.40791214787606e-16
"BHLH128",2.57651359675091e-20,0.336010249490887,0.395,0.17,5.13756811192131e-16
"AT1G13570",2.65183347532869e-20,0.272498391011896,0.37,0.24,5.2877559498054e-16
"AT4G36520",2.90658917917243e-20,0.3654129831453,0.525,0.339,5.79573882326984e-16
"AT5G20400",3.12074094064117e-20,0.459941679560061,0.531,0.259,6.22275743563849e-16
"AT4G33800",3.16581468398449e-20,0.412147870481128,0.247,0.046,6.31263447986508e-16
"AT2G20060",6.08030800810919e-20,0.419316305811086,0.63,0.282,1.21241341681697e-15
"AT1G27385",7.11218231660232e-20,0.260698844080741,0.444,0.4,1.4181691539305e-15
"AT4G11610",7.91511744881778e-20,0.403386212734139,0.377,0.095,1.57827441929426e-15
"PUB31",1.11430550724887e-19,0.398794048302011,0.5,0.21,2.22192518145424e-15
"RPS16A",1.26877418447333e-19,0.250087946966056,0.648,0.349,2.52993572383983e-15
"AT1G23220",1.56109721370185e-19,0.390937296122266,0.42,0.19,3.11282784412149e-15
"MUB1",1.73137895472886e-19,0.300543071613803,0.469,0.313,3.45236963572935e-15
"RPL11A",2.64749936809492e-19,0.282916944891968,0.451,0.164,5.27911373998127e-15
"KIPK",3.14500055574153e-19,0.305633441570621,0.432,0.207,6.27113110814861e-15
"AT2G11910",3.34480803133864e-19,0.403199410655127,0.549,0.238,6.66954721448925e-15
"RFC3.1",3.77509141830568e-19,0.315047614030282,0.432,0.242,7.52753228810152e-15
"ERF9",4.35013340405225e-19,0.706914992813579,0.469,0.184,8.67416600768019e-15
"NAK",4.54570849291181e-19,0.392567063779789,0.568,0.341,9.06414273486614e-15
"NPF4.6",5.84744390836717e-19,0.442338010129179,0.512,0.254,1.16598031532841e-14
"AT1G52930",7.69988254807017e-19,0.286589322634271,0.358,0.108,1.53535658008519e-14
"AT3G03020",7.87143062530701e-19,0.451553638140637,0.506,0.283,1.56956326668622e-14
"SUE4",8.46831129648615e-19,0.312522211451588,0.377,0.371,1.68858127251934e-14
"U2A'",9.08333175801633e-19,0.411712556956293,0.673,0.398,1.81121635254846e-14
"AT3G01860",9.28748398823051e-19,0.400321991929188,0.309,0.098,1.85192430725316e-14
"AT3G01790",1.17128459429832e-18,0.427821237944744,0.543,0.223,2.33554148103085e-14
"YSL7",1.59785235431872e-18,0.393347667686896,0.364,0.109,3.18611759451153e-14
"AT5G41960",1.82808792432369e-18,0.290498510827248,0.377,0.179,3.64520732110144e-14
"AT2G45730",1.9768250239328e-18,0.312679159298082,0.309,0.178,3.94178909772201e-14
"AT4G10320",2.02491913629688e-18,0.277887237931918,0.432,0.286,4.03768875777598e-14
"PIS2",2.6394279081074e-18,0.316214942558283,0.506,0.36,5.26301924876616e-14
"AT1G75600",2.91446376216861e-18,0.781051318061168,0.407,0.298,5.81144074176421e-14
"AT5G38690",3.02460961960023e-18,0.271902927780248,0.37,0.264,6.03107158148286e-14
"MSI4",3.02786435392708e-18,0.285968338797392,0.34,0.181,6.0375615217306e-14
"ABCG40",3.31753878107235e-18,0.532161500035578,0.364,0.132,6.61517232945826e-14
"AT4G02340",3.36068674379976e-18,0.382385293635619,0.599,0.379,6.70120936713672e-14
"MBD4",3.8812019428906e-18,0.268664318883239,0.309,0.155,7.73911667412385e-14
"LCAT3",4.14105251422879e-18,0.343238998219185,0.475,0.287,8.25725871337222e-14
"RPS17C",4.20435075622106e-18,0.300029216752645,0.519,0.234,8.38347540790479e-14
"AT5G22545",4.36674584190134e-18,0.252262399329401,0.198,0.022,8.70729120875127e-14
"AT3G56510",4.94662615365847e-18,0.375873604094277,0.463,0.215,9.86357255039498e-14
"AT2G17220",6.03325303063618e-18,0.386661273493837,0.333,0.127,1.20303065430885e-13
"AT1G34770",6.21631325352928e-18,0.277818342929441,0.383,0.152,1.23953286275374e-13
"AT5G50175",7.34240072361784e-18,0.485872313689873,0.512,0.221,1.4640747042894e-13
"AT2G12646",7.54968960383445e-18,0.339309982870561,0.228,0.033,1.50540810700459e-13
"AT1G29250",7.56933439539385e-18,0.400126257352822,0.66,0.342,1.50932527844153e-13
"EDA14",8.8354419015427e-18,0.408464001597935,0.549,0.233,1.76178711516761e-13
"FLOT3",8.87648871590676e-18,0.435372361683244,0.321,0.114,1.76997184995181e-13
"RPL36A",1.04491672107751e-17,0.303265517131562,0.395,0.134,2.08356394182856e-13
"HIPP26",1.26117033024508e-17,0.679528199799178,0.481,0.203,2.51477363850868e-13
"AT4G12840",1.39164658649658e-17,0.31413227996531,0.364,0.097,2.77494329347418e-13
"AT1G58025",1.40652019139483e-17,0.256438996448115,0.364,0.196,2.8046012616413e-13
"CRRSP60",1.62166421773432e-17,0.534898031079828,0.315,0.081,3.23359845016223e-13
"DVL19",1.74751905022513e-17,0.419127518517168,0.364,0.101,3.4845529861489e-13
"AT5G03050",1.84255027374998e-17,0.367299700416472,0.426,0.159,3.67404524585746e-13
"AT5G22550",2.23136762514514e-17,0.274535782135183,0.235,0.053,4.44934704453941e-13
"NRP1",2.46210028639388e-17,0.367558721754249,0.469,0.177,4.90942797106939e-13
"AT5G40660",2.79944538765975e-17,0.349308831315246,0.469,0.302,5.58209410299355e-13
"AT5G53090",2.88337660652388e-17,0.362185873364343,0.42,0.2,5.74945295340862e-13
"AT5G57010",3.71456193864094e-17,0.444296682029883,0.228,0.041,7.40683650565004e-13
"AT1G30550",4.66200421606311e-17,0.485879255840664,0.451,0.165,9.29603640682983e-13
"AT5G40970",4.91388173788838e-17,0.270587805791807,0.29,0.136,9.79828018534942e-13
"SCPL48",5.76575295268677e-17,0.394080830113236,0.512,0.21,1.14969113876574e-12
"AT3G06550",6.17660951726565e-17,0.34461310042645,0.469,0.268,1.23161593774277e-12
"BIM2",6.35399141247596e-17,0.3075803081992,0.432,0.274,1.26698588764771e-12
"AT5G22480",6.74738164725929e-17,0.30314860625886,0.383,0.183,1.3454279004635e-12
"ABCB27",7.10657962685228e-17,0.431700251851992,0.623,0.353,1.41705197759434e-12
"CYP18-1",7.59324670431865e-17,0.340038639250391,0.5,0.327,1.51409339284114e-12
"AT5G19430",7.64730784218094e-17,0.252984918983809,0.401,0.286,1.52487318373088e-12
"TTN8",7.84189426025389e-17,0.29123421322887,0.488,0.346,1.56367371549463e-12
"UNE11",8.70037728069554e-17,0.504197321608013,0.574,0.246,1.73485522977069e-12
"RGXT1",1.01427663493168e-16,0.45696240328396,0.37,0.111,2.02246761005377e-12
"NUCL1",1.05212792360471e-16,0.274540701881816,0.494,0.223,2.0979430796678e-12
"FAO3",1.11758721556221e-16,0.292244522728839,0.278,0.06,2.22846890783105e-12
"CBSX1",1.13522256536033e-16,0.273131225215211,0.321,0.122,2.26363379532849e-12
"CEL5",1.19130067264443e-16,0.269123573246751,0.16,0.016,2.37545354125299e-12
"PDK",1.48490671153745e-16,0.291064020307626,0.42,0.245,2.96090398280568e-12
"UGE2",1.54864522539363e-16,0.417978872457744,0.451,0.193,3.0879985794349e-12
"AT3G08990",1.80962809722492e-16,0.468738574543954,0.562,0.352,3.60839842586648e-12
"AT5G63550",2.29290163701979e-16,0.293033887523728,0.278,0.146,4.57204586421746e-12
"BLH9",2.77235604852488e-16,0.252264786964317,0.191,0.042,5.52807796075862e-12
"AT2G03810",2.95207873816165e-16,0.317081047306562,0.37,0.204,5.88644500389432e-12
"AT5G24580",3.14451444872514e-16,0.656710167173004,0.642,0.333,6.27016181075794e-12
"AT4G34412",3.54461029516037e-16,0.339918401066794,0.432,0.204,7.06795292854977e-12
"TFIIS",4.22675048661657e-16,0.325528545187829,0.543,0.351,8.42814047031344e-12
"GIP1.1",4.23403072646179e-16,0.310634907327925,0.414,0.156,8.4426572685648e-12
"NDL3",4.85857612213224e-16,0.38202479036916,0.481,0.356,9.6880007875317e-12
"FUT6",5.09370898461338e-16,0.475331458037834,0.481,0.188,1.01568557153191e-11
"XPT",6.03991376970493e-16,0.325832781683343,0.395,0.255,1.20435880567916e-11
"CYP707A3",6.33238590474183e-16,0.413262753375295,0.488,0.207,1.26267774940552e-11
"TIM8",6.7097452517883e-16,0.317722038650191,0.63,0.348,1.33792320320659e-11
"GATL2",7.63023787895812e-16,0.359749464786242,0.333,0.114,1.52146943306425e-11
"GLR3.4",8.62511555284673e-16,0.347537697929869,0.284,0.073,1.71984804123764e-11
"SRK2I",8.64863933829838e-16,0.351419566435122,0.5,0.282,1.7245386840567e-11
"HTR12",8.93894815934238e-16,0.350606667178507,0.253,0.063,1.78242626297287e-11
"LIP2.1",9.81094542408557e-16,0.825211027510179,0.531,0.283,1.95630251756266e-11
"URM1-1",1.00777100017248e-15,0.279961005524462,0.389,0.268,2.00949537434393e-11
"AT5G60700",1.02279950055915e-15,0.315785123678847,0.37,0.196,2.03946220411495e-11
"CRF2",1.1051661524611e-15,0.36441829921041,0.34,0.093,2.20370130800743e-11
"RPS28A",1.17583633998101e-15,0.261965879497093,0.469,0.2,2.34461766192214e-11
"AT1G71110",1.31071837021361e-15,0.43064932001998,0.537,0.279,2.61357243020593e-11
"AT3G43740",1.82844055369896e-15,0.318351695508018,0.531,0.364,3.64591046407573e-11
"EBP1",2.52780555664743e-15,0.36580194376813,0.691,0.389,5.04044427995498e-11
"AT1G32760",2.66041593400491e-15,0.32828698241675,0.407,0.183,5.30486937240579e-11
"UBP23",2.78205890964179e-15,0.308604435880507,0.438,0.251,5.54742546582574e-11
"AT3G51270",2.80423733741341e-15,0.328540772975307,0.414,0.169,5.59164925080234e-11
"AT5G04600",2.96256211704452e-15,0.466463982824755,0.654,0.386,5.90734886138678e-11
"EXPA4",3.1457082942692e-15,0.259511195485085,0.222,0.048,6.27254233877279e-11
"XGD1",4.22270269089852e-15,0.351556868325474,0.327,0.09,8.42006916565166e-11
"AT1G32190",4.72712898849752e-15,0.34771457253769,0.327,0.098,9.42589520306405e-11
"AT1G30880",5.34995343196379e-15,0.370231885606171,0.599,0.356,1.06678071433358e-10
"AT5G61220",5.45797172821513e-15,0.270749651345261,0.364,0.209,1.0883195626061e-10
"ACA1",5.90834424029817e-15,0.30544829067211,0.42,0.285,1.17812384151546e-10
"MAP2A",5.91399584581316e-15,0.328209761775425,0.457,0.26,1.17925077165514e-10
"ZEU1",6.36636537560163e-15,0.381169863580053,0.469,0.233,1.26945325589496e-10
"XRI1",6.71466056958535e-15,0.276309379127336,0.333,0.196,1.33890331757532e-10
"MORF5",7.62819593174447e-15,0.379653740169594,0.512,0.221,1.52106226878985e-10
"AT4G22250",8.63727719003621e-15,0.279871180210029,0.265,0.094,1.72227307169322e-10
"AT5G61880",9.05335594583635e-15,0.37484740416124,0.58,0.32,1.80523917559977e-10
"NUP35",1.21404975029122e-14,0.355335444682671,0.537,0.263,2.4208152020807e-10
"GTE11",1.39910700310551e-14,0.265818968294564,0.358,0.179,2.78981936419238e-10
"AT5G02240",1.62989261636004e-14,0.309730952464111,0.469,0.29,3.25000587702191e-10
"AT3G12955",1.63437837176605e-14,0.549147260920241,0.469,0.189,3.25895047330151e-10
"CBP60B",1.73559306553468e-14,0.253204593359676,0.407,0.258,3.46077257267615e-10
"RAD23A",1.84183680320652e-14,0.268921464061906,0.444,0.302,3.67262258559381e-10
"AT1G71140",2.78854264895085e-14,0.437123361991341,0.302,0.09,5.560354042008e-10
"ATEXO70H7",2.80173616829093e-14,0.339033697902275,0.333,0.207,5.58666191957212e-10
"AT3G01516",2.92768447302843e-14,0.369249020219531,0.389,0.169,5.8378028392187e-10
"TOM20-2",3.13270438004681e-14,0.355066053538734,0.481,0.268,6.24661253381333e-10
"LSM8",3.1884892840145e-14,0.417425944946923,0.605,0.336,6.35784763232491e-10
"ASF1B",3.31871828570023e-14,0.306453538148145,0.364,0.277,6.61752426168625e-10
"M10",3.4605408853931e-14,0.508551091102874,0.111,0.027,6.90031852547384e-10
"AT1G49050",3.94592078819161e-14,0.281061088860012,0.488,0.356,7.86816605165407e-10
"NPF6.3",4.03274921262818e-14,0.431742015996402,0.568,0.271,8.04130192998059e-10
"AT2G40270",4.04384966734326e-14,0.371828897754827,0.494,0.29,8.06343623668246e-10
"CMTA3",5.41809463220232e-14,0.273553749604927,0.414,0.27,1.08036806966114e-09
"EXPA20",5.83313504230918e-14,0.326926109492222,0.235,0.081,1.16312712743645e-09
"AT1G12805",6.36433029053786e-14,0.314507015647208,0.148,0.039,1.26904745993325e-09
"GDH1.1",6.65910162165578e-14,0.381903193022043,0.426,0.167,1.32782486335816e-09
"AT5G47070",6.78525669789512e-14,0.365741843893047,0.395,0.15,1.35298018556029e-09
"AT5G01260",8.06946673538135e-14,0.289648289905323,0.352,0.132,1.60905166703504e-09
"AT4G40042",8.16706529447699e-14,0.341687160562105,0.519,0.387,1.62851281971871e-09
"NUDT26",8.63803328743672e-14,0.262784520830054,0.426,0.313,1.72242383751488e-09
"AT3G10320",8.64511438216978e-14,0.356399763145548,0.191,0.031,1.72383580780465e-09
"CYCA3-2",1.09132215712582e-13,0.763755880154654,0.284,0.108,2.17609638130888e-09
"KRP4",1.11093153257107e-13,0.276542677364217,0.444,0.317,2.21519747594671e-09
"LA1",1.327161221471e-13,0.376494550970904,0.574,0.311,2.64635947561318e-09
"ATNAC2.1",1.40975592526123e-13,0.307221540858685,0.21,0.285,2.81105331497088e-09
"DTXL5",1.47355312412327e-13,0.4105136829213,0.519,0.263,2.93826492950181e-09
"AT5G15550",1.49153408238868e-13,0.306063864714325,0.302,0.092,2.97411896028303e-09
"RPS2D",1.49597899670807e-13,0.287845351087134,0.358,0.124,2.98298211943588e-09
"AT4G31320",1.8567290833787e-13,0.562841765029398,0.463,0.267,3.70231779225712e-09
"AT1G01640",1.93767398016028e-13,0.294492756298547,0.333,0.107,3.86372191643959e-09
"AT5G53420",2.0606997772835e-13,0.384188490834898,0.352,0.232,4.10903535590331e-09
"AT4G39955",2.06787791362044e-13,0.337314696654191,0.451,0.302,4.12334855975916e-09
"CYP71B6",2.149065783167e-13,0.303897010555178,0.34,0.114,4.28523717163499e-09
"NDB1",2.16914657743684e-13,0.307687829491092,0.358,0.181,4.32527827540905e-09
"ENGASE1",2.32750010338409e-13,0.267565522691871,0.346,0.174,4.64103520614788e-09
"AT5G48240",3.73357553539204e-13,0.28387765204627,0.358,0.134,7.44474961757172e-09
"AT4G33980",4.28082559820391e-13,0.295878839655959,0.519,0.374,8.53596624281859e-09
"AT5G15750",5.20530431567321e-13,0.354327904280306,0.414,0.165,1.03793768054524e-08
"DRB5",7.48583818730537e-13,0.292134872030079,0.216,0.053,1.49267613454869e-08
"AT1G02870",7.81046451429902e-13,0.303411374360325,0.457,0.211,1.55740662415122e-08
"AT1G67340",7.90160052475479e-13,0.273289313694808,0.309,0.166,1.5755791446361e-08
"TSO2",9.02507322780048e-13,0.624282540290781,0.309,0.105,1.79959960162342e-08
"AT1G66800",9.37144308393211e-13,0.589188388973469,0.562,0.288,1.86866575093606e-08
"LTP5",9.9300296251434e-13,0.395494571356894,0.204,0.039,1.98004790725359e-08
"CCT6B",1.03580882772018e-12,0.343381272019444,0.593,0.33,2.06540280247405e-08
"AT1G24160",1.15902170078293e-12,0.30190675445277,0.333,0.143,2.31108927136116e-08
"AT2G40430",1.17794038879069e-12,0.326816074943673,0.42,0.228,2.34881313524863e-08
"AT1G11960",1.17938753713757e-12,0.29351756347028,0.438,0.323,2.35169874905231e-08
"AT5G49665",1.24950668751619e-12,0.352383872224705,0.568,0.38,2.49151633490728e-08
"PUB19",1.39671730136322e-12,0.405314743473643,0.395,0.217,2.78505429891827e-08
"RTNLB21",1.42404082218776e-12,0.334565594946631,0.389,0.225,2.8395373994424e-08
"ATKRS-1",1.44756196714083e-12,0.353414618463765,0.512,0.294,2.88643856247881e-08
"AT5G10650",1.65688684610982e-12,0.350482973690811,0.494,0.369,3.30383237114298e-08
"AT2G37200",1.71060125311028e-12,0.275094166637081,0.37,0.148,3.4109388987019e-08
"AT3G23620",1.74777055473493e-12,0.257315804921649,0.364,0.138,3.48505448614146e-08
"GPAT2",1.86035788986628e-12,0.476320773455467,0.296,0.104,3.70955363239337e-08
"AT5G63970",2.19052997665127e-12,0.322375845807744,0.475,0.305,4.36791677344264e-08
"AT2G43600",2.69990410306327e-12,0.371598774027492,0.259,0.067,5.38360878150817e-08
"FKBP53",2.87841669105052e-12,0.281649390512762,0.42,0.185,5.73956288195475e-08
"ATG8B",4.35487881163181e-12,0.43462509876848,0.451,0.378,8.68362835039383e-08
"NAC13",5.63294682448793e-12,0.273685248522448,0.364,0.193,1.12320959680289e-07
"ATK3",5.95125210728582e-12,0.298597046392847,0.481,0.231,1.18667967019279e-07
"CXE20",6.54383467478138e-12,0.256890725212804,0.364,0.27,1.30484063415141e-07
"CML43",8.21355006856521e-12,0.268837248666274,0.235,0.082,1.6377818836719e-07
"AT4G22235",9.39136227106909e-12,0.429422489510716,0.506,0.261,1.87263763685118e-07
"AT3G09950",1.14151571671016e-11,0.382989575779259,0.364,0.143,2.27618233912006e-07
"AT1G63660",1.19601359906686e-11,0.27813117030948,0.302,0.102,2.38485111653933e-07
"AT5G50180",1.33513809454849e-11,0.383166703562075,0.525,0.3,2.66226536052968e-07
"AT5G36250",1.57244053733733e-11,0.318646898462191,0.395,0.242,3.13544643145063e-07
"PBL1",1.62266664246581e-11,0.252893303087554,0.395,0.258,3.23559728507683e-07
"CYP81D8",1.66162790794084e-11,0.464906302204099,0.377,0.171,3.31328604843404e-07
"PERK9",1.8608450812969e-11,0.252721113543339,0.352,0.186,3.71052509210603e-07
"HDA19",2.03469207208182e-11,0.283932128227902,0.512,0.38,4.05717599173115e-07
"AT3G15770",2.06806112398149e-11,0.385734692754066,0.531,0.334,4.12371388121908e-07
"CXE12",2.12040095725558e-11,0.412325869769601,0.475,0.248,4.22807950876762e-07
"AT3G58180",2.19533575569811e-11,0.286164100947733,0.444,0.271,4.37749949686202e-07
"AT3G51660",2.43196602672879e-11,0.38735732445649,0.586,0.356,4.84934025729722e-07
"AT1G04590",2.52387892404905e-11,0.268194011577122,0.364,0.202,5.03261457455381e-07
"AT4G10970",3.03300281013457e-11,0.261219752170667,0.512,0.357,6.04780760340834e-07
"ARP4",3.06964619401678e-11,0.302947618377415,0.512,0.313,6.12087451086946e-07
"HOP1",3.15350627591652e-11,0.251759218680767,0.346,0.177,6.28809151417755e-07
"AT1G71430",3.23019905862412e-11,0.268784832270414,0.34,0.166,6.44101692289649e-07
"SPL14",3.40839639198059e-11,0.27856764049806,0.525,0.367,6.7963424056093e-07
"RPS29A",3.70520894785709e-11,0.359871700726205,0.525,0.296,7.38818664202703e-07
"PLL5",4.61709765377067e-11,0.262846504403018,0.346,0.188,9.20649272161871e-07
"AT4G16442",4.70808811321804e-11,0.26232545625433,0.315,0.115,9.38792769775677e-07
"AT1G21770",5.33211981645966e-11,0.288771100601884,0.481,0.326,1.06322469140206e-06
"WHY2",5.51627664105832e-11,0.306438144749468,0.475,0.223,1.09994556222703e-06
"MTP11",5.81729650191925e-11,0.254540182763064,0.481,0.399,1.1599689224827e-06
"UGT74E2",5.91394539672924e-11,0.771229487684052,0.383,0.309,1.17924071210781e-06
"XYL1",6.22587931950207e-11,0.388366322768582,0.389,0.157,1.24144033630871e-06
"AT5G14700",6.26306985340307e-11,0.368411163846176,0.34,0.16,1.24885612876857e-06
"PIN4",6.62165254995569e-11,0.365374147972051,0.198,0.161,1.32035751846116e-06
"AT1G50060",7.31866142078975e-11,0.40937331000155,0.284,0.097,1.45934108730548e-06
"ATL18",8.43146890586661e-11,0.438036130623572,0.333,0.121,1.6812348998298e-06
"LHT1",9.06875959512518e-11,0.337067604765325,0.605,0.361,1.80831066326796e-06
"AT5G11630",9.42038577179085e-11,0.333421948429016,0.457,0.225,1.8784249228951e-06
"MORF6",1.08001018765501e-10,0.252582870898173,0.438,0.212,2.15354031418409e-06
"CYB",1.49019018573646e-10,0.338309341102952,0.617,0.389,2.97143923035849e-06
"AT4G31510",1.96913069057675e-10,0.345509465315307,0.438,0.249,3.92644659701003e-06
"NLE1",2.38808747095757e-10,0.266537516323016,0.34,0.133,4.76184641708939e-06
"AT3G05390",2.52870122967802e-10,0.374836731784473,0.457,0.221,5.04223025197797e-06
"PME25",2.96935657443808e-10,0.395541334199148,0.414,0.191,5.92089700942953e-06
"AT1G61900",3.24253707071894e-10,0.322076788286411,0.463,0.275,6.46561891901357e-06
"AT2G32030",3.26047602876583e-10,0.284413144479821,0.395,0.181,6.50138920135907e-06
"AT3G51090",3.58820364945244e-10,0.27155136128312,0.451,0.355,7.15487807700817e-06
"AT3G48410",3.73250803823204e-10,0.299755886882971,0.34,0.141,7.44262102823469e-06
"TOM40-1",3.88639998584606e-10,0.292845384135345,0.593,0.356,7.74948157177705e-06
"AT4G20000",4.52059131042515e-10,0.371057297875622,0.228,0.062,9.01405907298775e-06
"CBP20",5.07608317232038e-10,0.250465047654737,0.481,0.399,1.01217098456068e-05
"AT4G00895",5.47839754058522e-10,0.366595488037869,0.438,0.238,1.09239246959269e-05
"AT5G39600",5.60964505470469e-10,0.276252875199211,0.556,0.324,1.11856322390812e-05
"RPL3B",8.9303105853204e-10,0.251354079212766,0.432,0.216,1.78070393071289e-05
"AT1G69250",9.14716715999911e-10,0.280649828324007,0.463,0.313,1.82394513170382e-05
"AT3G04320",1.02435871694843e-09,0.51043750033787,0.426,0.223,2.04257128159517e-05
"SPDSYN2",1.11139258889912e-09,0.342964199847719,0.623,0.4,2.21611682226485e-05
"CRF3",1.14522538816893e-09,0.419954030903232,0.401,0.229,2.28357942400885e-05
"SMD3A",1.56847563909139e-09,0.262581036729373,0.346,0.17,3.12754042434823e-05
"IDL1",1.58285892434273e-09,0.456141716287676,0.451,0.266,3.1562206951394e-05
"FBL17",1.588835323024e-09,0.311810694887934,0.364,0.242,3.16813763410985e-05
"BAP2",1.78649217589364e-09,0.592895152020843,0.531,0.32,3.56226539873191e-05
"AT5G64680",1.97906488565488e-09,0.287452597730029,0.389,0.191,3.94625538199583e-05
"AT5G01760",1.98004214568678e-09,0.253314893429348,0.272,0.215,3.94820403849944e-05
"SCL30A",2.10637956448814e-09,0.287285649579986,0.432,0.281,4.20012085158935e-05
"AT2G39020",2.45504588242265e-09,0.318427836673776,0.562,0.396,4.89536148955076e-05
"AT5G01650",2.47895229543007e-09,0.256432040724771,0.383,0.301,4.94303087708756e-05
"BHLH92",2.6742180351027e-09,0.413183062758306,0.37,0.174,5.33239076199478e-05
"TRPA1",2.69794426290026e-09,0.255646355452108,0.401,0.219,5.37970086022313e-05
"AT4G21902",2.7337807753364e-09,0.377494051303987,0.259,0.094,5.45115886602079e-05
"MEE49",2.83745139780338e-09,0.314832072374078,0.444,0.239,5.65787808721994e-05
"RH5",2.88734131096894e-09,0.270962114600941,0.327,0.133,5.75735857407207e-05
"GT7",2.96650044908939e-09,0.271991135597924,0.407,0.287,5.91520189548425e-05
"TIM13",3.01732174785326e-09,0.302733555351053,0.506,0.304,6.0165395652194e-05
"AT5G27990",3.17124488105068e-09,0.272391409495282,0.414,0.194,6.32346229281507e-05
"TMN10",3.25574939887529e-09,0.336348162686049,0.463,0.288,6.49196430135732e-05
"SKIP27",3.31255048763934e-09,0.28437123280448,0.333,0.265,6.60522567235284e-05
"AT3G15760",3.69340623965399e-09,0.383536056728872,0.469,0.292,7.36465204187006e-05
"AT5G08580",4.15628855415576e-09,0.275754108088021,0.352,0.161,8.2876393769866e-05
"AT3G47380",4.23365426697187e-09,0.564899972476078,0.549,0.324,8.4419066083419e-05
"CIPK21",4.57957409868713e-09,0.305654263896319,0.481,0.299,9.13167075278213e-05
"AT2G43470",4.70188820898293e-09,0.267707962689263,0.247,0.119,9.37556508871196e-05
"AGL18",5.13190084179907e-09,0.269502462848655,0.494,0.369,0.000102330102785473
"AT3G07590",5.99500726111734e-09,0.262230805537727,0.34,0.146,0.00011954044478668
"MLO8",6.35441072192084e-09,0.256592310120957,0.432,0.291,0.000126706949795101
"AT5G39080",7.47945325422846e-09,0.325927047858153,0.216,0.085,0.000149140297889316
"AT3G13882",9.57731114277346e-09,0.272070942944012,0.574,0.358,0.000190971584186903
"AT2G40660",1.32898224905323e-08,0.271080647167902,0.469,0.264,0.000264999060461214
"AT1G20220",1.4251628473038e-08,0.300688366709482,0.494,0.318,0.000284177471752377
"MLO11",1.4789978353082e-08,0.292951495971562,0.438,0.301,0.000294912168360455
"AT3G60910",1.6484356128137e-08,0.289453552100163,0.506,0.296,0.000328698061195052
"S-ACP-DES3",1.83609084373161e-08,0.291303783285945,0.377,0.196,0.000366116514240084
"KAT3",2.08961849866447e-08,0.271889073622962,0.426,0.224,0.000416669928633696
"AT3G02820",2.49328524136722e-08,0.282680965874979,0.228,0.084,0.000497161077128625
"AT3G04330",2.50272626151295e-08,0.415193912479727,0.253,0.092,0.000499043616545682
"GONST3",2.75200391861638e-08,0.276147813724328,0.395,0.211,0.000548749581372106
"SMB.1",3.6261262990202e-08,0.253315950526607,0.568,0.393,0.000723049584024628
"4CLL5",4.35022548386192e-08,0.274430296248476,0.457,0.322,0.000867434961482067
"AT3G14870",4.61264319192565e-08,0.275403656147458,0.358,0.235,0.000919761052469974
"RPL35C",7.3916765149972e-08,0.258723328593828,0.432,0.241,0.00147390029709044
"WER",7.54214045442877e-08,0.557794045588196,0.42,0.221,0.0015039028066131
"AT5G26731",7.96212551731893e-08,0.262393811050804,0.352,0.162,0.0015876478281534
"RPL7A",8.25366648690798e-08,0.306087745026203,0.494,0.292,0.00164578109748945
"AT5G03330",8.48801644227798e-08,0.254115243546585,0.407,0.282,0.00169251047859023
"AT5G14690",8.50422446265895e-08,0.276245345552572,0.494,0.385,0.00169574235785419
"LKR/SDH",9.38344451971946e-08,0.378059830260145,0.537,0.388,0.00187105883723206
"ACO1",9.95637886395186e-08,0.27284859238126,0.235,0.094,0.001985301945472
"SFGH",1.14129728391653e-07,0.259679772693845,0.481,0.357,0.00227574678412955
"LOX6",1.50310372358184e-07,0.258635155131205,0.407,0.314,0.00299718882482218
"AT3G52870",1.58851520851749e-07,0.368400662556037,0.377,0.267,0.00316749932578387
"AT1G32560",1.87929754860615e-07,0.36883560094001,0.321,0.145,0.00374731931192066
"MRN1",2.07451475013658e-07,0.478676338596486,0.358,0.179,0.00413658241177233
"FPS2",2.07460113156479e-07,0.293303888812584,0.481,0.342,0.00413675465634019
"AT4G39860",2.16508492506037e-07,0.270097896236552,0.5,0.331,0.00431717934057038
"CEL1",2.36638958552075e-07,0.294934998151253,0.426,0.305,0.00471858083352837
"AT3G49540",2.56463396056312e-07,0.331887928846358,0.235,0.145,0.00511388011736285
"WRKY11",3.7767875699962e-07,0.285726768683139,0.556,0.385,0.00753091441457242
"P1",3.89210346132918e-07,0.631977628023738,0.241,0.21,0.00776085430189039
"AT5G03610",4.14207934182116e-07,0.502423920767159,0.34,0.331,0.00825930620759139
"AT4G22230",6.19709033120544e-07,0.30356201429062,0.358,0.19,0.0123569981204237
"LSU2",6.48462265311028e-07,0.309916837064107,0.531,0.339,0.0129303375703019
"HTR2.2",6.77527755826402e-07,0.385166464433275,0.154,0.049,0.0135099034511785
"AT3G19200",6.93201900735367e-07,0.35920844181365,0.457,0.254,0.0138224459006632
"AT4G16146",7.35696204288708e-07,0.328987669053314,0.5,0.354,0.0146697823135168
"SZF1",1.43240413075151e-06,0.280661409166976,0.364,0.253,0.028562138367185
"AT5G37070",1.65275302755237e-06,0.278877785746218,0.512,0.351,0.0329558953693943
"ERF055",2.46676232777502e-06,0.353537444368639,0.228,0.087,0.049187240815834
"AT2G27430",4.43688967882847e-06,0.292844511517102,0.346,0.214,0.0884715801958398
"AT2G46150",9.04691343762929e-06,0.291792422435663,0.519,0.367,0.180395453946328
"AT2G40475",1.18509599372427e-05,0.338535866972563,0.383,0.211,0.23630814114862
"AT1G19530",1.25341353990365e-05,0.409512788596167,0.185,0.221,0.249930659856788
"AT2G32200",1.38101045600389e-05,0.320994480778385,0.29,0.178,0.275373484927175
"WRKY38",1.65777775590268e-05,0.329630418258343,0.191,0.109,0.330560884526994
"AT3G06035",1.73346229395043e-05,0.357811080888665,0.463,0.354,0.345652381413716
"AT3G22275",2.64648023370262e-05,0.297621748152263,0.191,0.131,0.527708158600303
"ACS8",3.16027408386748e-05,0.404753784492739,0.253,0.123,0.630158652323176
"PEP3",3.44941908018288e-05,0.38202479036916,0.321,0.173,0.687814164588467
"AT1G73340",5.92947554533347e-05,0.255921920641776,0.333,0.2,1
"PSK1",7.98140812951295e-05,0.404247897498084,0.315,0.23,1
"NSP1",8.6567535221943e-05,0.340748465007883,0.463,0.321,1
"SOT12",8.77788681192883e-05,0.260979687953015,0.395,0.251,1
"AT3G23570",8.92214096526756e-05,0.265868632984879,0.235,0.116,1
"CML40",0.000123050858053307,0.322915398448112,0.37,0.223,1
"AT1G07135",0.000169178963684938,0.310239455227828,0.352,0.329,1
"JAL9",0.00020923619421023,0.35898587896565,0.228,0.116,1
"MYB112",0.000381197808456513,0.262813344880844,0.179,0.081,1
"AT3G10930",0.000619460534359948,0.328050251739654,0.432,0.384,1
"SCPL25",0.00181601656770478,0.273754531264809,0.198,0.106,1
"UGT75B1",0.00924628238851528,0.337679758589296,0.228,0.183,1
"AGP30",0.0105267102430149,0.296301359367434,0.309,0.218,1
"GPAT3",0.0108396197271239,0.289087140730712,0.278,0.195,1
"AT2G17080",0.0474618851443771,0.253870375518299,0.185,0.119,1
