"","Cluster0","Cluster1","Cluster2","Cluster3","Cluster4","Cluster5","Cluster6","Cluster7","Cluster8","Cluster9","Cluster10","Cluster11","Cluster12","Cluster13","Cluster14","Cluster15","Cluster16","Cluster17","Cluster18","Cluster19","Cluster20","Cluster21","Cluster22"
"1","AT3G15370","AT1G50060","AT4G16447","AT5G23030","AT5G43180","AT1G25530","AT2G18800","AT1G30750","AT4G28850",NA,"AT5G11440","AT1G12845","AT5G02640","AT5G57980","AT1G57590","AT5G57785","AT2G45220","AT4G34970","AT5G04080","AT1G26450","AT1G57820","AT5G19870","AT1G19900"
"2","AT1G06120","AT1G54010","AT3G04520","AT4G22080","AT5G46590","AT3G48185","AT3G26610","AT2G40113","AT2G24980","AT3G04520","AT1G27140","AT1G70370","AT3G51030","AT3G18130","AT5G51500","AT3G13610","AT1G56010","AT1G04610","AT2G32275","AT4G23410","AT2G28720","AT1G09440","AT1G67910"
"3","AT4G28940","AT3G04330","AT2G48130","AT5G61650","AT1G16310","AT4G14650","AT5G44530","AT5G42180","AT2G20520","AT2G33530","AT1G33090","AT5G18840","AT1G68810","AT1G23100","AT1G54890","AT4G21780","AT3G02240","AT1G65620","AT1G79430","AT3G14780","AT5G65350","AT1G71300","AT1G10550"
"4","AT2G37260","AT1G52050","AT5G23920","AT2G38790","AT5G49620","AT1G69080","AT5G16570","AT3G55230","AT5G06640","AT4G16447","AT4G22217","AT1G76470","AT5G60490","AT1G23410","AT2G37260","AT3G55290","AT2G34810","AT2G04025","AT1G54575","AT2G31083","AT1G01370","AT1G73140","AT5G10770"
"5","AT3G26740","AT1G52060","AT1G22490","AT2G03720","AT5G47720","AT1G61660","AT4G20210","AT3G11550","AT1G34510","AT5G45210","AT3G09330","AT2G38300","AT5G03170","AT3G44750","AT5G44585","AT5G10770","AT5G01250","AT4G36930","AT5G02600","AT4G18340","AT3G46320","AT4G28500","AT4G33790"
"6","AT5G25440","AT5G60530","AT3G45080","AT1G02570","AT1G80050","AT1G52190","AT1G27660","AT5G66390","AT4G25220","AT5G38790","AT2G34940","AT4G30420","AT4G36160","AT5G02050","AT1G53130","AT3G11260","AT5G48290","AT4G27520","AT3G15650","AT5G37660","AT5G38790","AT1G05310","AT1G23110"
"7","AT1G25450","AT5G24070","AT5G14920","AT3G12540","AT3G11150","AT4G09160","AT5G44160","AT3G24020","AT3G60280","AT1G65900","AT3G46490","AT5G38550","AT1G79620","AT1G27140","AT1G67400","AT3G22235","AT5G56870","AT1G56680","AT5G57350","AT3G15680","AT4G39380","AT5G38310","AT2G40610"
"8","AT3G22060","AT5G55110","AT3G48350","AT1G73860","AT2G18800","AT1G79760","AT4G16980","AT4G13580","AT5G35190","AT3G23730","AT5G15890","AT1G09750","AT2G04850","AT1G52930","AT2G43880","AT2G27920","AT1G61560","AT5G15160","AT5G27690","AT1G07640","AT2G33530","AT1G47410","AT3G19320"
"9","AT2G39010","AT4G37160","AT5G42655","AT4G29180","AT3G46110","AT3G51030","AT2G22420","AT4G17215","AT1G11655","AT4G14040","AT1G24735","AT1G64920","AT5G66300","AT2G31060","AT1G27950","AT5G38550","AT3G10320","AT1G72490","AT2G15310","AT3G43270","AT5G05180","AT5G03510","AT4G15290"
"10","AT4G02650","AT3G59480","AT1G10360","AT1G31750","AT3G11280","AT5G48070","AT2G31085","AT5G65530","AT5G44130","AT2G16750","AT1G24620","AT1G62510","AT2G47670","AT1G14060","AT5G06270","AT4G13860","AT5G64120","AT2G38810","AT5G42146","AT5G23370","AT3G59620","AT1G27440","AT2G31540"
"11","AT5G44585","AT2G23630","AT3G59620","AT2G29620","AT4G23500","AT5G57770","AT4G28410","AT2G27370","AT4G08400","AT5G58300","AT4G27480","AT5G07190","AT3G58780","AT4G31120","AT1G05530","AT1G62510","AT5G15180","AT4G24710","AT3G12730","AT2G28810","AT1G04020","AT5G51890","AT5G44900"
"12","AT1G51850","AT3G02110","AT2G16750","AT3G10710","AT5G62630","AT1G71050","AT1G78090","AT2G30210","AT2G46860","AT3G54220","AT4G09500","AT3G20100","AT3G05180","AT1G15250","AT4G36250","AT3G56290","AT2G01430","AT5G17810","AT5G54660","AT5G47920","AT5G49160","AT4G00230","AT5G02890"
"13","AT2G35960","AT5G15160","AT2G27370","AT3G51540","AT2G19110","AT5G27000","AT5G56530","AT1G71740","AT4G08410","AT3G59620","AT2G18450","AT3G20110","AT4G28140","AT4G00480","AT1G31950","AT3G27650","AT4G33790","AT1G21340","AT3G15353","AT1G73850","AT5G48600","AT4G08160","AT1G75620"
"14","AT1G68390","AT5G58784","AT2G40160","AT3G13782","AT2G42440","AT5G03960","AT1G68130","AT4G02090","AT5G26080","AT5G63660","AT1G07795","AT1G79720","AT5G50950","AT4G25630","AT3G49630","AT3G26470","AT4G15290","AT3G61930","AT1G07640","AT5G23360","AT5G63660","AT2G34790","AT1G61050"
"15","AT4G01890","AT5G51520","AT3G49360","AT3G51380","AT5G16570","AT1G60390","AT4G29140","AT1G03920","AT1G01453","AT4G28100","AT3G57360","AT1G49730","AT5G01070","AT3G59890","AT1G06930","AT4G25433","AT1G76930","AT2G45740","AT1G78580","AT2G21560","AT4G12530","AT5G06610","AT2G23230"
"16","AT1G15180","AT1G16905","AT5G63590","AT4G33730","AT1G78090","AT5G08260","AT4G23500","AT2G47630","AT4G33730","AT5G03150","AT4G04760","AT1G13110","AT3G21270","AT3G05060","AT5G48100","AT1G72210","AT1G14070","AT3G42180","AT4G36410","AT1G47960","AT1G69770","AT2G38080","AT1G34040"
"17","AT4G29285","AT4G25310","AT1G69920","AT2G24980","AT4G33550","AT2G01950","AT2G20100","AT2G39430","AT3G07070","AT3G49360","AT1G56630","AT1G70280","AT3G10080","AT3G15357","AT5G53200","AT4G31380","AT3G12977","AT3G48670","AT2G05760","AT3G47540","AT1G80190","AT1G58070","AT5G38030"
"18","AT1G54890","AT4G01240","AT5G41040","AT5G61640","AT1G60989","AT2G25790","AT3G63300","AT1G44970","AT1G12040","AT1G31650","AT5G44260","AT5G25190","AT4G32880","AT3G57150","AT2G35960","AT1G02850","AT5G02090","AT1G13620","AT5G06850","AT3G27030","AT1G65900","AT5G44030","AT4G01890"
"19","AT5G47550","AT2G41290","AT4G26200","AT5G18910","AT4G21680","AT1G70800","AT3G53900","AT5G23920","AT1G34760","AT4G27970","AT5G46060","AT3G28130","AT1G52150","AT3G27280","AT1G25450","AT2G42660","AT1G21100","AT1G10760","AT3G04300","AT5G64690","AT5G62550","AT3G27200","AT1G04610"
"20","AT1G05660","AT2G40470","AT2G25150","AT5G65090","AT1G60680","AT2G26390","AT1G28400","AT3G52790","AT1G60050","AT2G31230","AT4G35380","AT3G61660","AT2G19810","AT1G55205","AT1G32190","AT4G37700","AT1G74590","AT3G57160","AT2G39830","AT4G34560","AT4G26960","AT1G20850","AT3G46720"
"21","AT3G51150","AT2G43600","AT1G74080","AT1G01453","AT1G26450","AT3G48970","AT4G37650","AT1G60690","AT2G34330","AT5G11020","AT1G30990","AT5G63810","AT5G53830","AT5G27120","AT4G01770","AT2G34810","AT1G22990","AT4G38410","AT3G43270","AT3G14570","AT5G13060","AT4G18425","AT1G51800"
"22","AT4G38420","AT5G60520","AT2G42150","AT5G01280","AT3G29240","AT1G04550","AT4G24670","AT5G06200","AT3G07490","AT3G45400","AT3G50140","AT5G20670","AT1G12260","AT3G13674","AT5G44582","AT3G02240","AT2G38940","AT1G33750","AT1G23530","AT4G39190","AT4G30860","AT4G35350","AT5G65800"
"23","AT5G04970","AT3G49190","AT5G26310","AT1G12040","AT1G10380","AT1G69690","AT3G61490","AT1G08670","AT4G08620","AT2G40160","AT1G22570","AT2G40260","AT3G48185","AT2G45030","AT5G23700","AT2G38300","AT4G15563","AT4G35720","AT4G16480","AT1G52140",NA,"AT3G21550","AT4G17470"
"24","AT3G52480","AT1G79580","AT1G13860","AT4G03330","AT4G23410","AT4G28930","AT1G56210","AT3G04070","AT4G37220","AT1G54730","AT4G31020","AT2G46420","AT2G37210","AT1G62810","AT5G53900","AT1G73330","AT1G52200","AT1G79580","AT2G41300","AT5G62820","AT1G01030","AT3G16920","AT1G66460"
"25","AT2G26710","AT3G42180","AT4G23880","AT1G34510","AT3G26610","AT4G17770","AT5G67160","AT1G65690","AT5G24880","AT2G29330","AT3G50130","AT5G05900","AT2G44690","AT2G24400","AT5G63810","AT5G58350","AT3G14680","AT4G25310","AT3G21600","AT2G35300","AT3G50870","AT5G60020","AT1G28670"
"26","AT3G22250","AT4G15350","AT1G05490","AT5G06630","AT2G25790","AT5G67090","AT3G13810","AT3G09540","AT4G04900","AT3G23160","AT1G03106","AT5G03150","AT3G47400","AT3G02650","AT3G06868","AT2G28120","AT2G28110","AT4G18350","AT1G10380","AT5G49320","AT5G45210","AT4G27435","AT5G44585"
"27","AT1G30720","AT4G01770","AT1G52827","AT2G33460","AT1G48750","AT3G26830","AT5G16720","AT5G63590","AT1G02570","AT5G41920","AT1G18420","AT1G62580","AT1G27380","AT1G56110","AT5G57500","AT5G56870","AT5G58350","AT4G17610","AT2G16740","AT4G16000","AT3G23730","AT1G76020","AT5G44460"
"28","AT1G51800","AT1G33280","AT2G18890","AT4G13390","AT5G58210","AT4G32880","AT2G26040","AT4G17483","AT3G59340","AT2G46535","AT4G29285","AT4G28040","AT5G06670","AT4G28450","AT3G61898","AT3G26450","AT1G70170","AT5G46640","AT4G21310","AT1G13340","AT2G46535","AT5G01930","AT3G61220"
"29","AT2G43470","AT5G20045","AT1G23090","AT5G42510","AT1G01070","AT1G07640","AT3G49470","AT1G08320","AT5G24190","AT3G17840","AT4G16400","AT3G20120","AT1G03820","AT5G07340","AT4G11610","AT3G26300","AT2G35980","AT1G18265","AT2G46630","AT3G11280","AT4G28100","AT5G03260","AT3G27650"
"30","AT2G43880","AT3G61930","AT3G15990","AT4G08400","AT1G68290","AT5G07680","AT2G07680","AT5G42655","AT3G01730","AT2G34150","AT4G09100","AT3G55120","AT4G23680","AT3G19508","AT2G04090","AT5G15180","AT1G53990","AT2G40470","AT4G27435","AT2G34670","AT5G11020","AT1G74770","AT2G03590"
"31","AT5G60350","AT3G03500","AT2G15340","AT5G06640","AT1G79180","AT4G32860","AT5G16040","AT2G22620","AT5G19800","AT5G05180","AT4G07960","AT1G62770","AT1G62981","AT4G05400","AT1G62810","AT1G02930","AT3G09020","AT5G01670","AT2G03500","AT1G35910","AT3G56220","AT1G24030","AT5G61340"
"32","AT5G62150","AT4G27400",NA,"AT5G63270","AT3G59740","AT1G14480","AT5G65340","AT4G26140","AT1G75160","AT2G40120","AT3G59830","AT1G15550","AT3G25710","AT3G22660","AT5G12950","AT4G25560","AT3G48920","AT1G78520","AT5G63850","AT1G71960","AT1G31650","AT5G40020","AT1G22550"
"33","AT5G06870",NA,"AT5G11020","AT5G61260","AT1G30760","AT5G06570","AT1G71040","AT3G09600","AT5G05840","AT3G56220","AT5G06230","AT2G23910","AT2G35760","AT3G10110","AT1G49320","AT5G01250","AT2G35585","AT1G23160","AT5G40980","AT1G74055","AT2G16750","AT5G38610","AT1G49450"
"34","AT1G55450","AT1G23160","AT5G22270","AT5G61550","AT1G14340","AT4G15450","AT5G16000","AT4G32570","AT5G23160","AT3G45260","AT5G25880","AT2G02950","AT2G34710","AT4G15770","AT1G15630","AT1G70720","AT3G47420","AT3G46320","AT2G19580","AT1G09460","AT2G26870","AT5G45140","AT2G02610"
"35","AT1G22110","AT5G33290","AT5G28010","AT4G08620","AT4G17030","AT3G47620","AT4G31360","AT1G20380","AT2G03980","AT5G12900","AT5G46350","AT5G44190","AT4G23670","AT1G63660","AT2G36050","AT5G66985","AT3G15358","AT5G60520","AT1G78520","AT3G13980","AT5G60210","AT3G62020","AT1G55450"
"36","AT4G23700","AT4G36250","AT4G14040","AT4G25940","AT3G23430","AT2G15760","AT5G47720","AT5G16770","AT3G07195","AT2G16580","AT1G04700","AT3G27170","AT1G03010",NA,"AT2G22840","AT3G43670","AT1G18860","AT1G49475","AT2G02000","AT5G56790","AT4G14310","AT3G50220","AT3G22060"
"37","AT2G47190","AT3G29430","AT4G25433","AT2G22290","AT3G25710","AT3G54120","AT1G64620","AT2G44480",NA,"AT4G12530","AT2G39690","AT1G11280","AT2G40320","AT3G14390","AT5G51490","AT5G53680","AT4G37700","AT4G28170","AT3G14780","AT3G56620","AT1G09080","AT4G26580","AT3G02240"
"38","AT3G46700","AT1G33750","AT4G25560","AT2G20520","AT2G20100","AT2G22800","AT1G55205","AT2G46920","AT1G55290","AT4G16270","AT1G52660","AT1G07650","AT1G26570","AT3G18600","AT3G06890","AT4G09760","AT4G20110","AT5G51470","AT5G18970","AT5G54660","AT3G25100","AT4G00220","AT2G42060"
"39","AT2G38940","AT3G14530","AT1G09080","AT1G34760","AT1G02460","AT1G25320","AT3G44890","AT4G10500","AT2G33460","AT5G06730","AT2G37670","AT5G02000","AT5G53710","AT1G61870","AT1G02430","AT4G18910","AT5G62150","AT2G28870","AT2G28810","AT5G56050","AT1G26840","AT4G22920","AT4G15500"
"40","AT3G01900","AT4G12840","AT5G38790","AT4G08410","AT3G25717","AT5G16720","AT1G26100","AT1G77765","AT3G20460","AT5G28010","AT5G49870","AT1G70720","AT5G64690","AT1G63650","AT5G66460","AT5G25110","AT1G02930","AT1G53070",NA,"AT3G15510","AT3G57830","AT1G66690","AT2G17070"
"41","AT1G10990","AT1G29290","AT3G32030","AT1G08990","AT5G05960","AT4G31000","AT2G23600","AT5G67370","AT3G48940","AT1G24130","AT1G63450","AT3G21670","AT3G18660","AT1G28395","AT3G62280","AT1G74360","AT4G26220","AT3G48460","AT5G47920","AT1G23550","AT1G13250","AT2G38320","AT1G05660"
"42","AT2G18969","AT4G20000","AT4G34990","AT5G06990","AT3G26830","AT1G59740","AT1G03840","AT4G24130","AT1G34540","AT2G23130","AT1G30860","AT1G72210","AT3G47290","AT2G39795","AT5G39080","AT4G28750","AT4G11330","AT3G52180","AT5G11100","AT2G27550","AT5G23420","AT3G22415","AT2G16380"
"43","AT5G53200","AT1G71140","AT5G53320","AT4G29800","AT3G53980","AT1G47670","AT4G28250","AT1G47760","AT1G69240","AT1G01030","AT5G49680","AT1G51940","AT3G54820","AT4G16141","AT3G20360","AT5G62680","AT5G61560","AT2G46950","AT5G01370","AT5G13880","AT1G67180","AT5G54690","AT3G55150"
"44","AT3G02240","AT4G11610","AT5G10280","AT4G22640","AT3G47510","AT3G63280","AT4G31120","AT5G47530","AT4G34930","AT1G79120","AT2G02310","AT1G67150","AT4G09890","AT5G55920","AT5G51520","AT4G38550","AT4G23190","AT3G01070","AT2G48090","AT5G05160","AT3G54220","AT5G60720","AT4G26220"
"45","AT1G19900","AT4G21902","AT5G60210","AT4G22070","AT2G45210","AT2G30150","AT1G21090","AT1G43020","AT1G25240","AT2G06200","AT1G69240","AT5G48880","AT5G01360","AT3G55605","AT5G26230","AT2G20142","AT3G27650","AT1G15330","AT3G45610","AT5G44160","AT1G79120","AT2G45420","AT3G13610"
"46","AT3G46690","AT3G51600","AT3G23160","AT4G28850","AT4G33160","AT2G31900","AT1G24310","AT4G21340","AT4G33880","AT5G66600","AT5G61550","AT1G04520","AT4G32950","AT2G25355","AT1G65730","AT3G46500","AT1G22890","AT1G74440","AT5G23170","AT1G78090","AT1G70720","AT2G37090","AT5G42830"
"47","AT3G47420","AT4G15215","AT1G60470","AT5G19560","AT2G36120","AT4G13345","AT5G38970","AT3G27150","AT5G19790","AT1G29170","AT4G36820","AT2G42900","AT5G19530","AT5G15550","AT1G06320","AT2G42350","AT1G55450","AT2G23010","AT1G68430",NA,"AT5G02570","AT4G18780","AT3G46700"
"48","AT1G61560","AT5G23700","AT3G25640","AT2G47530","AT4G28410","AT1G70210","AT4G32520","AT5G66490","AT5G63270","AT1G63260","AT1G22110","AT1G78410","AT3G61380","AT3G11050","AT3G48260","AT2G24600","AT4G23700","AT4G37160","AT1G33080","AT1G62710","AT3G17840","AT1G43790","AT5G62420"
"49","AT5G38100","AT5G57500","AT3G56220","AT2G37820","AT3G30580","AT2G02820","AT3G25710","AT2G42060","AT1G48640","AT1G73805","AT5G24110","AT1G14280","AT1G71050","AT3G58840","AT1G79840","AT5G36925","AT1G67980","AT1G07280","AT3G44220","AT5G56780","AT3G01330","AT2G27740","AT3G21720"
"50","AT3G48920","AT1G65730","AT1G14040","AT3G60280","AT2G23600","AT5G26730","AT5G40980","AT2G28110","AT1G77870","AT1G22650","0","AT1G68330","AT5G01890","AT3G07770","AT2G03590","AT5G59530","AT4G28370","AT3G55646","AT5G40960","AT1G59530",NA,"AT5G15630","AT5G56870"
"51","AT5G64120","AT3G47400","AT1G08180","AT3G07070","AT1G69580","AT1G71695",NA,"AT3G22120","AT1G01660","AT1G74870","0","AT5G49215","AT1G69080","AT2G19670","AT4G30610","AT3G61220","AT2G28710","AT1G57820","AT5G22090","AT2G30070","AT3G06600","AT3G14360","AT4G12530"
"52","AT1G60740","AT5G57800","AT2G22920","AT2G46860","AT2G19330","AT1G04240","AT5G62630","AT5G51680","AT5G43175","AT5G46600","0","AT3G63430","AT1G63520","AT5G48030","AT4G00730","AT5G04310","AT2G42350","AT2G28720","AT5G49320","AT2G18550","AT3G21620","AT1G28470","AT2G42850"
"53","AT5G24110","AT5G15940","AT5G43980","AT5G19800","AT2G16385","AT5G10210","AT3G09035","AT4G28890","AT2G47530","AT4G16370","0","AT1G76040","AT5G53730","AT4G27490","AT2G25130","AT1G55110","AT1G25390","AT4G13690","AT4G36740","AT1G78520","AT3G02820","AT3G62160","AT2G36430"
"54","0","AT3G50740","AT1G31650","AT5G50760",NA,"AT1G21528","AT5G12440","AT5G43540","AT1G25422","AT1G09080","0","AT5G58660","AT2G31110","AT1G23280","AT4G25240","AT3G51860","AT1G18390","AT1G53708","AT1G09460","AT2G34190","AT3G50685","AT5G17420","AT4G13860"
"55","0","AT1G06330","AT2G26870","AT3G21340","AT4G33520","AT1G30490",NA,"AT1G03700","AT5G36260","AT3G26570","0","AT2G16580","AT5G60650","AT4G34360","AT2G36400","AT3G32030","AT1G64610","AT5G56580","AT1G71040","AT5G59080","AT3G18730","AT5G16490","AT5G04970"
"56","0","AT2G35770","AT4G28890","AT3G54870","AT5G23810","AT5G62630","AT1G75200","AT1G28815","AT1G55640","AT3G50870","0","AT5G53750","AT5G06710","AT3G07050","AT5G52830","AT2G28110","AT5G38030","AT5G13370","AT2G38640","AT3G24770","AT2G20980","AT2G41610","AT1G15180"
"57","0","AT3G23410","AT1G01030","AT5G45000","AT2G40900","AT3G48550","AT1G52930","AT3G23550","AT3G56500","AT3G09035","0","AT3G43670","AT3G54260","AT3G61100","AT1G05660","AT4G26220","AT3G26500","AT3G46970","AT4G00670","AT1G78580","AT2G29330","AT5G67230","AT5G26270"
"58","0","AT3G43720","AT1G79120","AT2G36210","AT1G02220","AT1G73780","AT1G21528","AT1G27960","AT1G34520","AT5G38010","0","AT1G09390","AT2G28315","AT1G79150","AT2G28250","AT1G13830","AT5G38020","AT5G55110","AT1G23550","AT5G40980","AT1G15660","AT1G27920","0"
"59","0","AT4G03420","AT1G11170","AT4G04900","AT4G30450","AT5G62430","AT1G02460","AT5G10280","AT4G03500","AT5G15900","0","AT4G28100","AT5G16490","AT4G26780","AT3G07000","AT4G28040","AT3G46690","AT3G50240","AT3G24770","AT3G03770","AT3G49360","AT3G43190","0"
"60","0","AT1G07175","AT5G62165","AT4G33880","AT3G62040","AT2G44690","AT3G27280","AT4G13460","AT2G24970","AT1G09812","0","AT3G26770","AT2G19780","AT5G38890","AT2G01505","AT1G64380","AT2G15390","AT5G64080","AT3G60720","AT1G64160","AT3G48160","AT3G53350","0"
"61","0","AT3G48460","0","AT4G25220","AT2G21400","AT5G35580","AT1G64110","AT4G11970","AT3G10710","AT3G22104","0","AT5G17810","AT5G37590","AT5G08620","AT5G02000","AT1G44160","AT4G38550","AT3G59440","AT1G71870","AT5G21482","AT1G72920","AT1G17950","0"
"62","0","AT4G00360","0","AT1G69790","AT1G73850","AT5G43810","AT5G02050","AT2G15300","AT5G45840","AT1G51260","0","AT5G23100","AT1G14190","AT5G61030","AT1G73160","AT5G50100","AT5G64510","AT1G50720",NA,NA,"AT5G06590","AT1G48280","0"
"63","0","AT3G44450","0","AT1G63930","AT3G23250","AT4G30520","AT5G41590","AT1G13830","AT5G06990","AT4G30420","0","AT2G19590","AT1G01900","AT2G34260","AT1G02390","AT3G27170","AT5G20790","AT5G65350","AT5G63710","AT5G51850","AT5G10170","AT1G58370","0"
"64","0","AT4G21590","0","AT1G70450","AT4G39230","AT1G02205","AT1G28395","AT4G33420","AT1G09860","AT5G26310","0","AT3G46500","AT1G12370","AT3G57360","AT3G46720","AT2G23910","AT2G42060","AT2G23630","AT1G11570","AT5G23170","AT1G78770","AT2G20650","0"
"65","0","AT1G36060","0","AT2G05160","AT4G20970","AT1G30280","AT3G58470","AT5G10520","AT1G16440","AT1G79720","0","AT1G05835","AT1G55760","AT3G25940","AT3G12240","AT1G68330","AT3G61160","AT5G07040","AT1G31770","AT3G55940","AT5G06730","AT1G70500","0"
"66","0","AT1G32540","0","AT1G79860","AT2G02100","AT1G52140","AT4G31350","AT3G24460","AT5G02390","AT3G44880","0","AT1G25425","AT1G02640","AT4G11120","AT1G61380","AT3G48920","AT3G13610","AT1G33280","AT1G75820","AT1G32970","AT2G36200","AT3G18660","0"
"67","0","AT3G19430","0","AT5G01050","AT5G07310","AT5G11990","AT3G44750","AT3G59880","AT3G07600","AT2G26870","0","AT2G37080","AT2G46760","AT3G46210",NA,"AT4G39940","AT2G27920","AT5G48650","AT4G34560","AT1G71040","AT5G41880","AT1G02335","0"
"68","0","AT1G21340","0","AT2G19770","AT5G44530","AT2G46690","AT2G19110","AT5G23810","AT5G49870","AT4G25780","0","AT1G14460","AT3G03470","AT1G04900","AT4G11780","AT1G79720","AT1G73330","AT2G22750","AT5G41380","AT5G17980","AT2G16580","AT1G54790","0"
"69","0","AT1G76520","0","AT1G04700","AT1G50590","AT1G27620","AT1G31770","AT5G23530","AT5G07450","AT3G24093","0","AT1G65320","AT1G71930","AT5G60730","AT2G34170","AT2G15760","AT1G14540","AT5G57500","AT1G52140","AT3G25560","AT5G01790","AT2G28315","0"
"70","0","AT2G34020","0","AT5G43520","AT5G14230","AT2G28810","AT3G05060","AT5G23870","AT5G23030","AT3G45680","0","AT1G27460","AT2G24230","AT2G37790","AT2G19660","AT1G06645","AT5G41680","AT4G15280","AT2G27550","AT2G22420","AT5G66600","AT5G12870","0"
"71","0","AT1G02390","0","AT4G09100","AT4G01450","AT4G20040","AT5G56090","AT4G16750","AT5G18910","AT1G79180","0","AT2G02080","AT3G55910","AT2G33847","AT3G20090","AT1G61560","AT5G50760","AT4G39795","AT4G14020","AT2G16385","AT5G62410","AT5G42710","0"
"72","0","AT1G07280","0","AT1G30860","AT4G38210","AT1G49320","AT1G31660","AT1G53520","AT4G10770","AT5G10100","0","AT4G12440","AT1G48000","AT1G80270","AT2G25220","AT1G67470","AT2G38640","AT3G48710","AT4G02810",NA,"AT2G42150","AT1G11190","0"
"73","0","AT5G67140","0","AT2G31865","AT2G38530","AT2G35290","AT3G25560","AT1G60680","AT5G57540","AT2G29710","0","AT2G41560","AT3G54340","AT4G19970","AT4G23515","AT4G15563","AT1G74360",NA,"AT5G62960","AT5G67160","AT4G02060","AT1G75090","0"
"74","0","AT5G61010","0","AT1G67600","AT1G75290","AT1G22030","AT1G26450","AT4G13100","AT5G23020","AT2G22460","0",NA,"AT2G28410","AT2G37230","AT3G21250","AT1G12845","AT4G22710","AT4G15350","AT5G11990","AT3G61880","AT4G16370","AT5G38900","0"
"75","0","AT3G52180","0","AT5G61350","AT1G20816","AT2G23600","AT3G02510","AT5G67210","AT2G25090","AT2G18890","0","AT4G26070","AT5G11100","AT5G27330","AT1G15180","AT2G45220","AT1G76960","AT5G14930","AT4G15680","AT4G01450","AT3G46940","AT4G33330","0"
"76","0","AT5G18460","0","AT5G13150","AT4G32520","AT1G55740","AT3G44940","AT3G15990","AT4G25090","AT5G07000","0","AT2G42660","AT1G53163","AT1G03360","AT1G33750","0","AT2G35940","AT3G57860","AT1G67720","AT2G36640","AT2G32390","AT4G18550","0"
"77","0","AT5G46640","0","AT1G53620","AT3G10050","AT5G05160","AT1G23410","AT1G17310","AT1G74830","AT5G52900","0","AT1G61170","AT3G16490","AT1G17560","AT2G14820","0","AT5G10770","AT4G21590","AT1G08160","AT4G20040","AT5G07000","AT3G51325","0"
"78","0","AT5G26230","0","AT2G02300","AT1G71960","AT1G07430","AT3G61880","AT5G62165","AT1G51860","AT5G10280","0","AT5G47250","AT5G67230","AT3G62630","AT1G64920","0","AT5G53680","AT5G23700","AT4G39830","AT3G49620","AT5G28640","AT3G45870","0"
"79","0","AT1G15330","0","AT1G75770","AT5G10520","AT1G52150","AT4G24750","AT4G38690","AT4G22640","AT1G02205","0","AT5G44160","AT3G61630","AT2G28600","AT2G27590","0","AT2G15760","AT2G32430","AT2G23600","AT2G23950","AT1G76470","AT5G12300","0"
"80","0","AT2G46950","0","AT1G66470","AT1G71040","AT3G16500","AT4G32175","AT5G03200","AT2G26410","AT3G51930","0","AT1G54730","AT4G30020","AT3G58660","AT1G05690","0","AT4G13860","AT4G28820","AT5G56530","AT5G14230","AT4G25780","AT4G12910","0"
"81","0",NA,"0","AT4G34930","AT4G34990","AT1G31710","AT2G22400","AT1G11170","AT2G43230","AT1G73640","0","AT1G06645","AT5G64530","AT4G20020","AT1G09390","0","AT3G46700","AT4G11610","AT3G49620","AT5G03550","AT5G10100","AT1G31720","0"
"82","0","AT1G10480","0","AT1G48640","AT1G80590","AT1G73850","AT1G14060","AT3G10010","AT5G24230","AT1G51940","0","AT5G57785","AT2G40530","AT3G58470","AT5G49015","0","AT1G68390","AT3G01860","AT5G56790","AT1G67720","AT4G20325","AT1G10800","0"
"83","0","AT3G46970","0","AT4G07960","AT2G14880","AT4G15830","AT3G14390","AT4G35160","AT3G54870","AT5G56040","0","AT2G28950","AT3G55990","AT2G19385","AT4G21902","0","AT1G67470","AT4G12840","AT2G43840","AT1G27660","0","AT5G24380","0"
"84","0","AT5G10510","0","AT5G49270","AT4G13345","AT2G37380","AT3G55605","AT2G48130","AT2G28990","AT1G69520","0","AT4G27460","AT1G47410","AT3G03060","AT1G26700","0","AT4G21780","AT5G37660","AT4G12580","AT5G44005","0","AT4G24015","0"
"85","0","AT1G53700","0","AT5G06230","AT3G54420","AT3G03200","AT3G19508","AT1G73640","AT4G14280","AT1G27460","0","AT1G65060","AT2G46300","AT2G17250","AT3G05980","0","0","AT3G23410","AT4G32270","AT4G29140","0","AT1G71930","0"
"86","0","AT3G49630","0","AT2G28440","AT3G23570","AT1G73590","AT1G65900","AT1G80820","AT4G27290","AT3G19595","0","AT2G15370","AT4G34420","AT2G29540","AT1G76500","0","0","AT1G05200","AT4G15660","AT2G43840","0","AT4G18050","0"
"87","0","AT1G56680","0","AT1G05020","AT2G22800","AT5G59780","AT5G22640","AT2G46690","AT3G18450","AT5G20670","0","AT2G40610","AT3G01070","AT5G52380",NA,"0","0","AT1G01370","AT1G21140","AT5G44530","0","AT1G55910","0"
"88","0","AT3G50760","0","AT3G58810","AT5G52450","AT2G35760","AT1G56110","AT2G15340","AT1G55020","AT1G05490","0","AT1G02850","AT4G34950","AT3G18510","AT1G36060","0","0","AT4G23750","AT3G15510","AT5G01370","0","AT4G04460","0"
"89","0","AT1G10560","0","AT1G30990","AT5G59780","AT5G01370","AT1G23080","AT3G23580","AT3G51380","AT2G02950","0","AT3G17580","AT3G51810","AT1G67760","AT4G30400","0","0","AT5G33290","AT1G14730","AT2G28790","0","AT5G48920","0"
"90","0","AT3G01070","0","AT4G27290","AT3G50410","AT2G37760","AT1G13270","AT4G27990","AT5G58360","AT5G60210","0","AT5G25110","AT5G57770","AT4G25730","AT5G45440","0","0","AT1G32190","AT5G21482","AT5G56530","0","AT5G12950","0"
"91","0","AT5G39080","0","AT5G45840","AT3G47540","AT2G38970","AT4G38370","AT2G22920","AT4G29800","AT1G69920","0","AT3G56380","AT3G55890","AT1G06930","AT1G11530","0","0","AT4G22250","AT3G62070","AT4G37540","0","AT4G26220","0"
"92","0","AT4G34160","0","AT3G26500","AT3G16170","AT2G23950","AT5G42330","AT2G12462","AT5G61650","AT5G53320","0","AT5G06870","AT5G14510","AT1G29320","AT3G61610","0","0","AT1G71140","AT1G04180","AT2G31980","0","AT3G14170","0"
"93","0","AT3G61898","0","AT4G11230","AT5G57280","AT3G24660","AT1G20816","AT3G56620","AT1G79330","AT3G32030","0","AT1G22550","AT5G42710","AT1G31660","AT3G15340","0","0","AT5G15550","AT5G13880","AT1G60390","0","AT5G42210","0"
"94","0","AT4G30610","0","AT3G51330","AT2G40750","AT1G56210","AT5G20130","AT2G42150","AT4G25160","AT4G37000","0","AT4G12530","AT1G15960","AT5G53900","AT3G22060","0","0","AT2G43600","AT1G60030","AT5G47720","0","AT5G45020","0"
"95","0","AT3G23880","0","AT1G18773","AT2G04795","AT4G15660","AT3G06450","AT1G10360","AT2G22290","AT1G13250","0","AT5G56040","AT4G14740","AT2G27590","AT1G61170","0","0","AT1G50060","AT1G74055","AT3G44220","0","AT5G02090","0"
"96","0","AT5G04970","0","AT5G38710","AT1G55740","AT4G15140","AT3G24660","AT5G57565","AT2G27220","AT5G38970","0","AT5G20410","AT4G14940","AT4G28200","AT3G25905","0","0","AT4G21902","AT2G37590","AT2G02230","0","AT2G05910","0"
"97","0","AT1G31950","0","AT2G29950","AT1G28360","AT3G44940","AT5G35450","AT5G53990","AT2G38100","AT1G14280","0","AT3G11260","AT3G62020","AT3G13160","AT5G51560","0","0","AT3G04330","AT5G56780","AT4G22780","0","AT5G14510","0"
"98","0","AT3G59440","0","AT2G03980","AT3G27030","AT5G07310","AT5G09240","AT3G22235","AT5G13150","AT5G18260","0","AT2G19580","AT3G44730","AT2G43650","AT1G05590","0","0","0","AT5G42720","AT1G16310","0","AT5G45970","0"
"99","0","AT4G38410","0","AT1G25240","AT3G20810","AT4G36930","AT4G14740","AT2G42760","AT5G43230","AT5G67280","0","AT3G06868","AT5G24510",NA,"AT3G46320","0","0","0","AT1G29520","AT5G07310","0","AT1G12260","0"
"100","0","AT1G02430","0","AT4G25190","AT5G16040","AT5G43860","AT2G14880","AT1G06645","AT5G41761","AT3G50300","0","AT5G50740","AT5G12870","AT5G02820","AT5G06870","0","0","0","AT4G20040","AT1G78530","0","AT1G29200","0"
"101","0","AT1G15170","0","AT1G72200","AT2G37020","AT1G53163","AT2G02100","AT2G02080","AT3G55150","AT1G56020","0","AT3G45430","AT1G20850","AT5G39550","AT1G45207","0","0","0","AT4G27520","AT3G30580","0","AT1G31990","0"
"102","0","AT5G22570","0","AT4G40010","AT2G13660","AT5G23360","AT3G23700","AT4G14940","AT2G16760","AT3G21620","0","AT1G13250","AT4G35350","AT5G41190","AT5G57920","0","0","0","AT3G43790","AT4G34300","0","AT5G04200","0"
"103","0","AT3G14362","0","AT5G56160","AT5G05160","AT1G80520","AT3G02650","AT3G27270","AT1G16410","AT5G65400","0","AT1G09080","AT5G45970","AT5G19300","AT3G12970","0","0","0","AT5G37660","AT5G26730","0","AT4G32450","0"
"104","0","AT2G38940","0","AT5G19790","AT5G07680","AT5G64690","AT3G11620","AT5G17890","AT1G18420","AT4G25480","0","AT1G06930","AT1G49880","AT4G16630","AT5G07340","0","0","0","AT5G62940","AT1G68130","0","AT1G26820","0"
"105","0","AT4G23750","0","AT5G07770","AT1G07220","AT1G23080","AT3G59890","AT2G16970","AT5G61550","AT1G29530","0","AT2G42850","AT2G01950","AT3G04770","AT1G22550","0","0","0","AT5G02750","AT4G36740","0","AT3G52900","0"
"106","0","AT4G10500","0","AT3G14470","AT5G44005","AT1G09460","AT4G35050","AT5G34940","AT4G20450","AT1G80280","0","AT2G14820","AT5G26670","AT1G80720","AT1G23410","0","0","0","AT5G59080","AT5G59720","0","AT3G24535","0"
"107","0","AT5G53900","0","AT4G25090","AT3G02510","AT1G32970","AT3G11150","AT4G23880","AT2G34655","AT1G76470","0","AT4G25780","AT3G45960","AT3G49990","AT2G28720","0","0","0","AT2G19590","AT5G40960","0","AT3G52820","0"
"108","0","0","0","AT4G21745","AT5G23690","AT5G54130","AT1G11755",NA,"AT5G25810","AT2G16400","0","AT2G24600","AT2G37760","AT2G19530","AT1G18265","0","0","0","AT5G17980","AT1G73780","0","AT5G09480","0"
"109","0","0","0","AT4G12330","AT5G44160","AT1G61370",NA,"AT1G01340","AT4G07960","AT5G05830","0","AT1G32190","AT1G79760","AT4G25240","AT2G37790","0","0","0","AT5G67110","AT1G48750","0","AT4G28140","0"
"110","0","0","0","AT2G37670","AT5G18300","AT5G66815","AT1G43000","AT2G39360","AT1G61950","AT4G18020","0","AT3G56220","AT5G25840","AT4G36680","AT3G46940","0","0","0","AT4G03210","AT4G14740","0","AT1G62981","0"
"111","0","0","0","AT5G01640","AT2G35300","AT4G38660","AT1G60640","AT3G49320","AT1G65180","AT5G53750","0","AT5G10770","AT4G32830","AT3G09720","AT1G80190","0","0","0","AT5G05160","AT5G06730","0","AT1G72990","0"
"112","0","0","0","AT5G26080","AT3G13980","AT1G71830","AT1G47820","AT1G69920","AT5G25880","AT1G23090","0","AT3G06740","AT5G45020","AT3G22310","AT3G13674","0","0","0","AT2G40150","0","0","AT2G28250","0"
"113","0","0","0","AT1G12880","AT4G23493","AT5G40980","AT2G37230","0","AT1G18773","AT5G51990","0","AT3G32030","AT2G34060","AT1G60080","AT2G17070","0","0","0","AT4G16980","0","0","AT1G09890","0"
"114","0","0","0","AT5G35190","AT1G01640","AT3G20640","AT4G11120","0","AT4G25190","AT3G25640","0","AT5G63660","AT5G07800","AT3G46940","AT3G02820","0","0","0","AT3G25560","0","0","AT2G46760","0"
"115","0","0","0","AT2G39690","AT5G61560","AT3G49620","AT3G54180","0","AT1G63450","AT1G74930","0","AT1G15580","AT1G71695","AT1G64185","AT1G57820","0","0","0","AT1G32970","0","0","AT2G39710","0"
"116","0","0","0","AT4G14280","AT2G31083","AT4G39190","AT2G23950","0","AT2G29620","AT1G60470","0","0","AT3G16500","AT1G06790","0","0","0","0","AT3G63050","0","0","AT5G03170","0"
"117","0","0","0","AT3G07195","AT3G25640","AT4G16980","AT4G28450","0","AT3G03800","0","0","0","AT3G14170","AT5G22100","0","0","0","0","AT5G13290","0","0","AT1G73410","0"
"118","0","0","0","AT1G63410","0","AT1G48000","AT3G23710","0","AT2G37370","0","0","0","AT4G12980","AT5G49560","0","0","0","0","AT1G54330","0","0","AT2G41700","0"
"119","0","0","0","AT4G29850","0","AT3G47510","AT1G55740","0","AT2G31220","0","0","0","AT3G44220","AT4G38890","0","0","0","0","AT1G74720","0","0","AT3G01860","0"
"120","0","0","0","AT1G60050","0","AT4G33160",NA,"0","AT2G04080","0","0","0","AT2G02820","AT2G16650","0","0","0","0","AT1G71960","0","0","AT2G02540","0"
"121","0","0","0","AT4G19960","0","0","AT1G17560","0","AT1G30990","0","0","0","AT1G07380","AT1G23340","0","0","0","0","AT5G23360","0","0","AT3G03530","0"
"122","0","0","0","AT2G38320","0","0","AT3G06930","0","AT5G19560","0","0","0","AT1G30490","AT3G15240","0","0","0","0","AT1G52320","0","0","AT3G15250","0"
"123","0","0","0","AT4G16600","0","0","AT1G34065","0","AT2G18450","0","0","0","AT5G26330","AT3G04950","0","0","0","0","AT5G23370","0","0","AT2G40320","0"
"124","0","0","0","AT3G59340","0","0","AT5G60990","0","AT5G61260","0","0","0","AT5G65530","AT5G38720","0","0","0","0","AT3G50840","0","0","AT1G02640","0"
"125","0","0","0","AT1G54740","0","0","AT3G07770","0","AT1G04700","0","0","0","AT5G64210","AT4G37190","0","0","0","0","AT3G43190","0","0","AT4G00210","0"
"126","0","0","0","AT1G79330","0","0","AT4G05400","0","AT1G02575","0","0","0","AT1G69690","AT4G28820","0","0","0","0","AT2G15680","0","0","AT3G51220","0"
"127","0","0","0","AT1G53340","0","0","AT5G27120","0","AT4G38390","0","0","0","AT1G71830","AT2G43880","0","0","0","0","AT3G03770","0","0","AT3G55990","0"
"128","0","0","0","AT4G31020","0","0","AT2G19580","0","AT1G53340","0","0","0","AT3G63280","AT3G13940","0","0","0","0","AT3G62040","0","0","AT2G17940","0"
"129","0","0","0","AT3G47040","0","0","AT5G26730","0","AT3G24300","0","0","0","AT2G35110","AT5G15810","0","0","0","0","AT1G06475","0","0","AT5G01360","0"
"130","0","0","0","AT4G38390","0","0","AT2G31110","0","AT1G59850","0","0","0","AT1G52830","AT5G22320","0","0","0","0","AT3G47500","0","0","AT5G14410","0"
"131","0","0","0","AT2G38152","0","0","AT1G80050","0","AT4G40010","0","0","0","AT1G04550","AT3G19360","0","0","0","0","AT4G16000","0","0","AT1G09610","0"
"132","0","0","0","AT4G35770","0","0","AT2G01630","0","AT1G12150","0","0","0","AT2G05320","AT1G60640","0","0","0","0","AT1G47960","0","0","AT5G26330","0"
"133","0","0","0","AT5G36260","0","0","AT2G13540","0","AT5G01060","0","0","0","AT1G75730","AT3G12270","0","0","0","0","AT2G02230","0","0","AT1G51550","0"
"134","0","0","0","AT3G52820","0","0","AT1G60390","0","AT1G79910","0","0","0","AT4G18780","AT1G32190","0","0","0","0","AT1G02700","0","0","AT1G58007","0"
"135","0","0","0","AT1G02380","0","0","AT1G09290","0","AT2G38320","0","0","0","AT5G17420","AT5G14050","0","0","0","0","AT2G31083","0","0","AT1G79420","0"
"136","0","0","0","AT1G18420","0","0","AT2G43650","0","AT4G25110","0","0","0","AT2G31980","AT1G47500","0","0","0","0","AT1G63820","0","0","AT1G68725","0"
"137","0","0","0","AT3G43930","0","0","AT1G07370","0","AT1G69900","0","0","0","AT4G09810","AT1G75200","0","0","0","0","AT3G15680","0","0","AT3G01070","0"
"138","0","0","0","AT1G79910","0","0","AT1G16310","0","AT2G48080","0","0","0","AT1G30280","AT1G07370","0","0","0","0","AT2G23950","0","0","AT3G45280","0"
"139","0","0","0","AT2G16760","0","0","AT1G06790","0","AT2G40150","0","0","0","AT3G24660","AT1G31950","0","0","0","0","AT3G13980","0","0","AT3G56730","0"
"140","0","0","0","AT4G03500","0","0","AT4G02060","0","AT5G38900","0","0","0","AT2G28870","AT5G01230","0","0","0","0","AT5G62820","0","0","AT4G22680","0"
"141","0","0","0","AT1G23560","0","0","AT4G31890","0","AT5G21120","0","0","0","AT2G15320","AT5G27400","0","0","0","0","AT5G54130","0","0","AT1G27660","0"
"142","0","0","0","AT1G48260","0","0","AT3G20810","0","AT2G32450","0","0","0","AT1G67510","AT4G18905","0","0","0","0","AT4G39190","0","0","AT3G05858","0"
"143","0","0","0","AT1G05630","0","0","AT4G38670","0","AT4G18940","0","0","0","AT4G29110","AT3G49470","0","0","0","0","AT1G24735","0","0","AT5G11540","0"
"144","0","0","0","AT4G15230","0","0","AT3G20100","0","AT2G36430","0","0","0","AT2G04795","AT3G07750","0","0","0","0","AT1G70510","0","0","AT5G47175","0"
"145","0","0","0","AT4G20190","0","0","AT1G75670","0","AT3G43930","0","0","0","AT3G17668","AT1G57590","0","0","0","0","AT2G34670","0","0","AT5G56890","0"
"146","0","0","0","AT4G10770","0","0","AT1G71960","0","AT1G24620","0","0","0","AT5G26730","AT5G57280","0","0","0","0","AT2G30070","0","0","AT1G63300","0"
"147","0","0","0","AT4G37220","0","0","AT2G42440","0","AT2G37670","0","0","0","AT4G27435","AT3G21740","0","0","0","0","AT5G05365","0","0","AT2G36355","0"
"148","0","0","0","AT1G16440","0","0","AT5G67630","0","AT3G60700","0","0","0","AT3G27630","AT2G28450","0","0","0","0","AT4G14740","0","0","AT2G25050","0"
"149","0","0","0","AT1G34540","0","0","AT2G43720","0","AT5G42460","0","0","0","AT2G30560","AT5G05540","0","0","0","0","AT5G07310","0","0","AT3G59440","0"
"150","0","0","0","AT3G07600","0","0","AT4G15770","0","AT4G11230","0","0","0","AT2G27740","AT2G40700","0","0","0","0","AT2G28150","0","0","AT5G06620","0"
"151","0","0","0","AT3G16220","0","0","AT3G21420","0","AT3G51970","0","0","0","AT4G22780","AT1G48605","0","0","0","0","AT1G27620","0","0","AT1G70550","0"
"152","0","0","0","AT1G18940","0","0","AT4G37540","0","AT1G80200","0","0","0","AT3G53010","AT1G72090","0","0","0","0","AT2G21560","0","0","AT1G79110","0"
"153","0","0","0","AT4G13420","0","0","AT1G24130","0","AT1G18940","0","0","0","AT5G44030","AT2G37020","0","0","0","0","AT4G23410","0","0","AT5G17600","0"
"154","0","0","0","AT4G27310","0","0","AT4G27640","0","AT4G34380","0","0","0","AT3G17580","AT5G39850","0","0","0","0","AT1G35910","0","0","AT3G10560","0"
"155","0","0","0","AT5G54050","0","0","AT1G04520","0","AT2G31865","0","0","0","AT2G01430","AT5G61770","0","0","0","0","AT2G41330","0","0","AT3G53040","0"
"156","0","0","0","AT1G45545","0","0","AT3G22660","0","AT4G18550","0","0","0","AT4G04460","AT3G62460","0","0","0","0","AT1G69690","0","0","AT5G08480","0"
"157","0","0","0","AT3G20460","0","0","AT5G62820","0","AT1G51620","0","0","0","AT5G12300","AT3G59820","0","0","0","0","AT5G49120","0","0","AT2G16740","0"
"158","0","0","0","AT1G80200","0","0","AT1G09460","0","AT1G79320","0","0","0","AT4G14650","AT3G26410","0","0","0","0","AT3G11280","0","0","AT1G70690","0"
"159","0","0","0","AT5G38900","0","0","AT1G67320","0","AT5G61640","0","0","0","AT4G36530","AT5G39240","0","0","0","0","AT3G14570","0","0","AT3G03770","0"
"160","0","0","0","AT1G01660","0","0","AT3G49990","0","AT4G21745","0","0","0","AT2G29890","AT2G14820","0","0","0","0","AT1G71695","0","0","AT3G52550","0"
"161","0","0","0","AT5G42460","0","0","AT5G23360","0","AT5G01050","0","0","0","AT4G36740","AT1G26840","0","0","0","0","AT3G48420","0","0","AT5G02640","0"
"162","0","0","0","AT2G18450","0","0","AT5G14600","0","AT2G19770","0","0","0","AT2G30150","AT2G12646","0","0","0","0","AT4G18340","0","0","AT4G14200","0"
"163","0","0","0","AT1G55020","0","0","AT5G58930","0","AT4G23070","0","0","0","AT2G44600","AT4G31600","0","0","0","0","AT1G29980","0","0","AT2G27930","0"
"164","0","0","0","AT1G75160","0","0","AT3G16500","0","AT1G05020","0","0","0","AT3G27200","AT4G30610","0","0","0","0","AT2G28790","0","0","AT1G63520","0"
"165","0","0","0","AT3G55150","0","0","AT1G09700","0","AT4G18630","0","0","0","AT3G53350","AT1G08220","0","0","0","0","AT5G16720","0","0","AT2G28870","0"
"166","0","0","0","AT5G43230","0","0","AT1G62520","0","AT4G35380","0","0","0","AT4G13150","AT4G30400","0","0","0","0","AT3G61380","0","0","AT3G03690","0"
"167","0","0","0","AT1G54215","0","0","AT3G20640","0","AT5G45000","0","0","0","AT2G01890","AT3G09700","0","0","0","0","AT4G31890","0","0","AT1G62700","0"
"168","0","0","0","AT1G76930","0","0","AT3G22840","0","AT1G19650","0","0","0","AT3G20820","AT3G49180","0","0","0","0","AT5G62430","0","0","AT4G11655","0"
"169","0","0","0","AT5G24190","0","0","AT5G37660","0","AT3G26500","0","0","0","AT5G03890","AT3G24080","0","0","0","0","AT4G18425","0","0","AT5G50120","0"
"170","0","0","0","AT1G24620","0","0","AT5G66815","0","AT4G25940","0","0","0","AT1G70690","AT2G34570","0","0","0","0","AT4G23750","0","0","AT2G35290","0"
"171","0","0","0","AT2G34940","0","0","AT3G25717","0","AT4G40070","0","0","0","AT5G44005","AT2G25130","0","0","0","0","AT3G63300","0","0","AT5G50170","0"
"172","0","0","0","AT5G40260","0","0","AT5G50740","0","0","0","0","0","AT5G17600","AT5G60990","0","0","0","0","AT4G24015","0","0","AT4G30830","0"
"173","0","0","0","AT4G04972","0","0","AT1G60470","0","0","0","0","0","AT2G36640","AT4G04760","0","0","0","0","AT2G01630","0","0","AT2G27920","0"
"174","0","0","0","AT3G06370","0","0","AT2G31083","0","0","0","0","0","AT4G12410","AT4G30840","0","0","0","0",NA,"0","0","AT5G34940","0"
"175","0","0","0","AT3G47740","0","0","AT1G74930","0","0","0","0","0","AT1G73590","AT3G14740","0","0","0","0","AT1G73850","0","0","AT3G27070","0"
"176","0","0","0","AT5G41680","0","0","0","0","0","0","0","0","AT5G66815","AT1G04640","0","0","0","0","AT5G17600","0","0","AT2G28110","0"
"177","0","0","0","AT5G24880","0","0","0","0","0","0","0","0","AT5G14450","AT2G31725","0","0","0","0","AT4G29140","0","0","AT3G27630","0"
"178","0","0","0","AT1G69240","0","0","0","0","0","0","0","0","AT2G33620","AT4G34910","0","0","0","0","AT1G73780","0","0","AT4G28370","0"
"179","0","0","0","AT1G19650","0","0","0","0","0","0","0","0","AT1G25320","AT5G26290","0","0","0","0","AT1G70550","0","0","AT2G37080","0"
"180","0","0","0","AT5G57540","0","0","0","0","0","0","0","0","AT2G25880","AT4G23750","0","0","0","0","AT1G68130","0","0","AT3G45490","0"
"181","0","0","0","AT2G37370","0","0","0","0","0","0","0","0","AT4G18470","AT2G36400","0","0","0","0","AT3G45430","0","0","AT1G71695","0"
"182","0","0","0","AT2G02250","0","0","0","0","0","0","0","0","AT3G15250","AT3G06868","0","0","0","0","AT2G36640","0","0","AT2G25880","0"
"183","0","0","0","AT2G25940","0","0","0","0","0","0","0","0","AT2G01940","AT3G60500","0","0","0","0","AT1G80520","0","0","AT1G19050","0"
"184","0","0","0","AT1G79320","0","0","0","0","0","0","0","0","AT2G39870","AT5G11240","0","0","0","0","AT5G56880","0","0","AT3G45710","0"
"185","0","0","0","AT3G09240","0","0","0","0","0","0","0","0","AT5G06380","AT3G27850","0","0","0","0","AT1G13340","0","0","AT2G18720","0"
"186","0","0","0","AT3G24300","0","0","0","0","0","0","0","0","AT1G55740","AT2G47790","0","0","0","0","AT1G04240","0","0","AT3G49330","0"
"187","0","0","0","AT1G30050","0","0","0","0","0","0","0","0","AT3G19080","AT2G22400","0","0","0","0","AT1G30280","0","0","AT3G47400","0"
"188","0","0","0","AT3G22560","0","0","0","0","0","0","0","0","AT5G18300","AT4G20325","0","0","0","0","AT5G26730","0","0","AT5G47810","0"
"189","0","0","0","AT5G21120","0","0","0","0","0","0","0","0","AT3G13980","AT1G33480","0","0","0","0","AT3G44940","0","0","AT1G01070","0"
"190","0","0","0","AT4G36820","0","0","0","0","0","0","0","0","AT4G28180",NA,"0","0","0","0","AT1G49840","0","0","AT4G00850","0"
"191","0","0","0","AT5G06570","0","0","0","0","0","0","0","0","AT2G25940","AT5G26230","0","0","0","0","AT5G24490","0","0","AT2G38823","0"
"192","0","0","0","AT5G23160","0","0","0","0","0","0","0","0","AT1G25500","AT1G45332","0","0","0","0","AT5G40150","0","0","AT3G46890","0"
"193","0","0","0","AT5G25880","0","0","0","0","0","0","0","0","AT1G51700","AT1G68990","0","0","0","0","AT2G44690","0","0","AT3G51380","0"
"194","0","0","0","AT1G31810","0","0","0","0","0","0","0","0","AT5G03960","AT5G49010","0","0","0","0","AT5G44005","0","0","AT3G05630","0"
"195","0","0","0","AT3G61760","0","0","0","0","0","0","0","0","AT3G19380","AT3G17580","0","0","0","0","AT3G47540","0","0","AT2G14290","0"
"196","0","0","0","AT2G21430","0","0","0","0","0","0","0","0","AT5G65460","AT5G61310","0","0","0","0",NA,"0","0","AT1G03920","0"
"197","0","0","0","AT1G01180","0","0","0","0","0","0","0","0","AT5G46080","AT2G14460","0","0","0","0","AT4G16400","0","0","AT5G61340","0"
"198","0","0","0","AT5G49870","0","0","0","0","0","0","0","0","AT1G22030","AT2G17070","0","0","0","0","AT2G35300","0","0","AT4G23500","0"
"199","0","0","0","AT4G16400","0","0","0","0","0","0","0","0","AT1G70550","AT3G54180","0","0","0","0","AT5G66815","0","0","AT5G59845","0"
"200","0","0","0","AT2G35990","0","0","0","0","0","0","0","0","AT2G34170","AT1G79060","0","0","0","0","AT1G23080","0","0","AT5G07800","0"
"201","0","0","0","AT5G41860","0","0","0","0","0","0","0","0","AT1G27690","AT5G16750","0","0","0","0","AT3G61880","0","0","AT3G53810","0"
"202","0","0","0","AT5G11440","0","0","0","0","0","0","0","0","AT1G23340","AT2G36050","0","0","0","0","AT1G78090","0","0","AT5G43450","0"
"203","0","0","0","AT1G55290","0","0","0","0","0","0","0","0","AT4G37650","AT2G01505","0","0","0","0","0","0","0","AT5G66300","0"
"204","0","0","0","AT1G72870","0","0","0","0","0","0","0","0","AT4G25480","AT1G54180","0","0","0","0","0","0","0","AT4G12350","0"
"205","0","0","0","AT2G38100","0","0","0","0","0","0","0","0","AT2G05910","AT5G05640","0","0","0","0","0","0","0","AT5G01190","0"
"206","0","0","0","AT2G35980","0","0","0","0","0","0","0","0","AT1G64760","AT1G76500","0","0","0","0","0","0","0","AT5G15180","0"
"207","0","0","0","AT5G65158","0","0","0","0","0","0","0","0","AT5G22090","AT3G20090","0","0","0","0","0","0","0","AT5G01030","0"
"208","0","0","0","AT2G36430","0","0","0","0","0","0","0","0","AT1G62710","AT1G25500","0","0","0","0","0","0","0","AT5G07000","0"
"209","0","0","0","AT1G21100","0","0","0","0","0","0","0","0","AT3G17520","AT4G00238","0","0","0","0","0","0","0","AT1G46768","0"
"210","0","0","0","AT1G69900","0","0","0","0","0","0","0","0","AT5G47810","AT1G80190","0","0","0","0","0","0","0","AT4G36160","0"
"211","0","0","0","AT1G12150","0","0","0","0","0","0","0","0","AT5G21960","AT1G47820","0","0","0","0","0","0","0","AT1G68810","0"
"212","0","0","0","AT1G51620","0","0","0","0","0","0","0","0","AT5G43860","AT1G69770","0","0","0","0","0","0","0","AT5G55950","0"
"213","0","0","0","AT1G33090","0","0","0","0","0","0","0","0","AT1G29950","AT4G11780","0","0","0","0","0","0","0","AT2G33480","0"
"214","0","0","0","AT5G05840","0","0","0","0","0","0","0","0","AT4G03210","AT1G79070","0","0","0","0","0","0","0","AT4G09180","0"
"215","0","0","0","AT5G27420","0","0","0","0","0","0","0","0","AT5G61340","AT3G50140","0","0","0","0","0","0","0","AT3G61630","0"
"216","0","0","0","AT3G18450","0","0","0","0","0","0","0","0","AT2G46770","AT5G22570","0","0","0","0","0","0","0","AT5G56050","0"
"217","0","0","0","AT4G26288","0","0","0","0","0","0","0","0","AT1G01070","AT3G14370","0","0","0","0","0","0","0","AT3G01810","0"
"218","0","0","0","AT2G27660","0","0","0","0","0","0","0","0","AT5G08380","AT3G06600","0","0","0","0","0","0","0","AT2G29950","0"
"219","0","0","0","AT4G01830","0","0","0","0","0","0","0","0","AT1G05200","AT2G18330","0","0","0","0","0","0","0","AT1G10460","0"
"220","0","0","0","AT5G46040","0","0","0","0","0","0","0","0","AT2G38970","AT2G15690","0","0","0","0","0","0","0","AT1G65570","0"
"221","0","0","0","AT4G24480","0","0","0","0","0","0","0","0","AT5G55900","AT1G80170","0","0","0","0","0","0","0","AT1G20180","0"
"222","0","0","0","AT2G04080","0","0","0","0","0","0","0","0","AT1G78120","AT2G20980","0","0","0","0","0","0","0","AT2G04850","0"
"223","0","0","0","AT3G01730","0","0","0","0","0","0","0","0","AT1G04240","AT1G67400","0","0","0","0","0","0","0","AT4G12980","0"
"224","0","0","0","AT4G35380","0","0","0","0","0","0","0","0","AT3G03200","AT3G18050","0","0","0","0","0","0","0","AT5G46115","0"
"225","0","0","0","AT1G50930","0","0","0","0","0","0","0","0","AT4G31000","AT5G23420","0","0","0","0","0","0","0","AT1G72180","0"
"226","0","0","0","AT4G02170","0","0","0","0","0","0","0","0","AT2G35290","AT3G43110","0","0","0","0","0","0","0","AT5G24820","0"
"227","0","0","0","AT2G26480","0","0","0","0","0","0","0","0","AT4G28150","AT3G07440","0","0","0","0","0","0","0","AT5G47530","0"
"228","0","0","0","AT4G20110","0","0","0","0","0","0","0","0","AT5G66320","AT4G22217","0","0","0","0","0","0","0","AT2G24240","0"
"229","0","0","0","AT4G34380","0","0","0","0","0","0","0","0","AT1G68390","AT5G15130","0","0","0","0","0","0","0","AT1G78120","0"
"230","0","0","0","AT4G36030","0","0","0","0","0","0","0","0","AT4G13345","AT3G19120","0","0","0","0","0","0","0","AT1G30515","0"
"231","0","0","0","AT2G43230","0","0","0","0","0","0","0","0","AT5G16720","AT1G09290","0","0","0","0","0","0","0","AT5G44750","0"
"232","0","0","0","AT1G03106","0","0","0","0","0","0","0","0","AT4G27460","AT1G19240","0","0","0","0","0","0","0","AT1G24480","0"
"233","0","0","0","AT1G27720","0","0","0","0","0","0","0","0","AT3G25640","AT2G27470","0","0","0","0","0","0","0","AT5G25310","0"
"234","0","0","0","AT1G52660","0","0","0","0","0","0","0","0","AT5G50100","AT3G56030","0","0","0","0","0","0","0","AT4G17483","0"
"235","0","0","0","AT5G21130","0","0","0","0","0","0","0","0","AT4G15140","AT3G57860","0","0","0","0","0","0","0","AT5G01640","0"
"236","0","0","0","AT1G70170","0","0","0","0","0","0","0","0","AT1G61660","AT2G22840","0","0","0","0","0","0","0","AT5G54130","0"
"237","0","0","0","AT3G07490","0","0","0","0","0","0","0","0","AT3G20830","AT3G06740","0","0","0","0","0","0","0","AT4G32280","0"
"238","0","0","0","AT5G43175","0","0","0","0","0","0","0","0","AT1G73780","AT2G29680","0","0","0","0","0","0","0","AT4G34950","0"
"239","0","0","0","AT5G40590","0","0","0","0","0","0","0","0","AT4G18425","AT1G80700","0","0","0","0","0","0","0","AT1G35910","0"
"240","0","0","0","AT2G37290","0","0","0","0","0","0","0","0","AT3G48970","AT1G64580","0","0","0","0","0","0","0","AT3G56060","0"
"241","0","0","0","AT1G09860","0","0","0","0","0","0","0","0","AT4G25490","AT4G28990","0","0","0","0","0","0","0","AT5G40960","0"
"242","0","0","0","AT3G12977","0","0","0","0","0","0","0","0","AT5G06330","AT4G17960","0","0","0","0","0","0","0","AT2G33560","0"
"243","0","0","0","AT4G40070","0","0","0","0","0","0","0","0","AT1G73640","AT3G52630","0","0","0","0","0","0","0","AT1G01900","0"
"244","0","0","0","AT2G02310","0","0","0","0","0","0","0","0","AT5G07310","AT2G43110","0","0","0","0","0","0","0","AT1G07430","0"
"245","0","0","0","AT2G19050","0","0","0","0","0","0","0","0","AT5G23850","AT1G57820","0","0","0","0","0","0","0","AT1G55760","0"
"246","0","0","0","AT5G61360","0","0","0","0","0","0","0","0","AT1G52190","AT5G38460","0","0","0","0","0","0","0","AT3G08500","0"
"247","0","0","0","AT3G51470","0","0","0","0","0","0","0","0","AT1G47670","AT5G14600","0","0","0","0","0","0","0","AT3G44220","0"
"248","0","0","0","AT5G25810","0","0","0","0","0","0","0","0","AT1G17345","AT5G44260","0","0","0","0","0","0","0","AT1G54530","0"
"249","0","0","0","AT5G07450","0","0","0","0","0","0","0","0","AT1G70210","AT3G05980","0","0","0","0","0","0","0","AT2G40470","0"
"250","0","0","0","AT3G25790","0","0","0","0","0","0","0","0","AT1G10760","AT3G12970","0","0","0","0","0","0","0","AT2G19810","0"
"251","0","0","0","AT3G47420","0","0","0","0","0","0","0","0","AT4G14930","AT1G50380","0","0","0","0","0","0","0","AT2G41230","0"
"252","0","0","0","AT3G19470","0","0","0","0","0","0","0","0","AT2G38530","AT1G58160","0","0","0","0","0","0","0","AT5G60650","0"
"253","0","0","0","AT2G34185","0","0","0","0","0","0","0","0","AT4G16370","AT3G46320","0","0","0","0","0","0","0","AT5G25110","0"
"254","0","0","0","AT1G13520","0","0","0","0","0","0","0","0","AT2G37380","AT1G36060","0","0","0","0","0","0","0","AT5G01730","0"
"255","0","0","0","AT2G04680","0","0","0","0","0","0","0","0","AT2G46690","AT5G42540","0","0","0","0","0","0","0","AT1G58420","0"
"256","0","0","0","AT5G27350","0","0","0","0","0","0","0","0","AT3G01860","AT4G35050","0","0","0","0","0","0","0","AT1G32740","0"
"257","0","0","0","AT1G62320","0","0","0","0","0","0","0","0","AT2G16740","AT3G12670","0","0","0","0","0","0","0","AT3G61460","0"
"258","0","0","0","AT5G61980","0","0","0","0","0","0","0","0","AT1G80520","AT3G61898","0","0","0","0","0","0","0","AT2G43230","0"
"259","0","0","0","AT5G58750","0","0","0","0","0","0","0","0","AT3G46550","AT3G09330","0","0","0","0","0","0","0","AT3G47540","0"
"260","0","0","0","AT3G46270","0","0","0","0","0","0","0","0","AT3G21420","AT1G54890","0","0","0","0","0","0","0","AT5G45650","0"
"261","0","0","0","AT1G22570","0","0","0","0","0","0","0","0","AT4G10250","AT5G50740","0","0","0","0","0","0","0","AT2G34150","0"
"262","0","0","0","AT5G39760","0","0","0","0","0","0","0","0","AT3G47510","AT3G07200","0","0","0","0","0","0","0","AT5G01790","0"
"263","0","0","0","AT5G15890","0","0","0","0","0","0","0","0","AT3G23880","AT2G41750","0","0","0","0","0","0","0","AT1G31460","0"
"264","0","0","0","AT4G29550","0","0","0","0","0","0","0","0","AT1G56170","AT5G50310","0","0","0","0","0","0","0","AT3G05030","0"
"265","0","0","0","AT1G25422","0","0","0","0","0","0","0","0","AT1G27660","AT5G46060","0","0","0","0","0","0","0","AT5G42200","0"
"266","0","0","0","AT1G44160","0","0","0","0","0","0","0","0","AT3G23730","AT3G02820","0","0","0","0","0","0","0","AT1G07380","0"
"267","0","0","0","AT1G11160","0","0","0","0","0","0","0","0","AT5G59720","AT5G27830","0","0","0","0","0","0","0","AT4G26140","0"
"268","0","0","0","AT4G07820","0","0","0","0","0","0","0","0","AT3G62070","AT3G10050","0","0","0","0","0","0","0","AT5G06230","0"
"269","0","0","0","AT4G23070","0","0","0","0","0","0","0","0","0","AT2G39700","0","0","0","0","0","0","0","AT2G43840","0"
"270","0","0","0","AT2G21510","0","0","0","0","0","0","0","0","0","AT5G06590","0","0","0","0","0","0","0","AT1G02450","0"
"271","0","0","0","AT3G51970","0","0","0","0","0","0","0","0","0","AT3G59440","0","0","0","0","0","0","0","AT5G35580","0"
"272","0","0","0","AT1G64890","0","0","0","0","0","0","0","0","0","AT1G65470","0","0","0","0","0","0","0","AT1G05200","0"
"273","0","0","0","AT3G05820","0","0","0","0","0","0","0","0","0","AT1G56020","0","0","0","0","0","0","0","AT2G41330","0"
"274","0","0","0","AT1G06510","0","0","0","0","0","0","0","0","0","AT1G24735","0","0","0","0","0","0","0","AT5G15940","0"
"275","0","0","0","AT4G37990","0","0","0","0","0","0","0","0","0","AT1G27050","0","0","0","0","0","0","0","AT5G07310","0"
"276","0","0","0","AT1G24150","0","0","0","0","0","0","0","0","0","AT3G63430","0","0","0","0","0","0","0","AT1G75730","0"
"277","0","0","0","AT3G49650","0","0","0","0","0","0","0","0","0","AT5G58960","0","0","0","0","0","0","0","AT4G13345","0"
"278","0","0","0","AT5G22250","0","0","0","0","0","0","0","0","0","AT1G33750","0","0","0","0","0","0","0","AT2G15760","0"
"279","0","0","0","AT3G11720","0","0","0","0","0","0","0","0","0","AT5G44460","0","0","0","0","0","0","0","0","0"
"280","0","0","0","AT5G24230","0","0","0","0","0","0","0","0","0","AT1G01370","0","0","0","0","0","0","0","0","0"
"281","0","0","0","AT3G46690","0","0","0","0","0","0","0","0","0","AT5G39080","0","0","0","0","0","0","0","0","0"
"282","0","0","0","AT1G07795","0","0","0","0","0","0","0","0","0","AT1G33090","0","0","0","0","0","0","0","0","0"
"283","0","0","0","AT3G07960","0","0","0","0","0","0","0","0","0","0","0","0","0","0","0","0","0","0","0"
"284","0","0","0","AT4G39360","0","0","0","0","0","0","0","0","0","0","0","0","0","0","0","0","0","0","0"
"285","0","0","0","AT4G18630","0","0","0","0","0","0","0","0","0","0","0","0","0","0","0","0","0","0","0"
"286","0","0","0","AT3G50850","0","0","0","0","0","0","0","0","0","0","0","0","0","0","0","0","0","0","0"
"287","0","0","0","AT3G14362","0","0","0","0","0","0","0","0","0","0","0","0","0","0","0","0","0","0","0"
"288","0","0","0","AT5G22570","0","0","0","0","0","0","0","0","0","0","0","0","0","0","0","0","0","0","0"
"289","0","0","0","AT1G60740","0","0","0","0","0","0","0","0","0","0","0","0","0","0","0","0","0","0","0"
"290","0","0","0","AT1G63450","0","0","0","0","0","0","0","0","0","0","0","0","0","0","0","0","0","0","0"
"291","0","0","0","AT2G15390","0","0","0","0","0","0","0","0","0","0","0","0","0","0","0","0","0","0","0"
"292","0","0","0","AT4G26050","0","0","0","0","0","0","0","0","0","0","0","0","0","0","0","0","0","0","0"
"293","0","0","0","AT2G39360","0","0","0","0","0","0","0","0","0","0","0","0","0","0","0","0","0","0","0"
"294","0","0","0","AT1G22110","0","0","0","0","0","0","0","0","0","0","0","0","0","0","0","0","0","0","0"
"295","0","0","0","AT5G24110","0","0","0","0","0","0","0","0","0","0","0","0","0","0","0","0","0","0","0"
"296","0","0","0","0","0","0","0","0","0","0","0","0","0","0","0","0","0","0","0","0","0","0","0"
"297","0","0","0","0","0","0","0","0","0","0","0","0","0","0","0","0","0","0","0","0","0","0","0"
"298","0","0","0","0","0","0","0","0","0","0","0","0","0","0","0","0","0","0","0","0","0","0","0"
"299","0","0","0","0","0","0","0","0","0","0","0","0","0","0","0","0","0","0","0","0","0","0","0"
"300","0","0","0","0","0","0","0","0","0","0","0","0","0","0","0","0","0","0","0","0","0","0","0"
