Gene,Average Log FC,p value,Adjusted                p value ,Cluster
AT4G34970,3.53,1.1558E-113,2.1404E-109,11
AT2G04025,3.20,1.5605E-182,2.8897E-178,11
AT1G13620,2.87,9.84472E-95,1.82305E-90,11
AT1G04610,2.86,9.9563E-162,1.8437E-157,11
AT2G30860,2.54,6.3921E-114,1.1837E-109,11
AT2G01420,2.17,6.8779E-208,1.2736E-203,11
AT5G02380,1.93,6.8415E-112,1.2669E-107,11
AT4G39950,1.93,2.79385E-83,5.17365E-79,11
AT2G39700,1.87,3.9951E-113,7.398E-109,11
AT5G09960,1.85,5.2444E-227,9.7115E-223,11
AT2G28790,1.85,1.00147E-84,1.85452E-80,11
AT5G57420,1.74,2.5592E-103,4.7391E-99,11
AT1G78520,1.67,1.97192E-71,3.6516E-67,11
AT4G31500,1.56,1.79484E-93,3.32369E-89,11
AT2G03830,1.52,1.1961E-119,2.215E-115,11
AT3G01840,1.43,1.5096E-124,2.7955E-120,11
AT2G28900,1.43,4.4725E-130,8.2822E-126,11
AT4G14690,1.43,9.5536E-110,1.7691E-105,11
AT5G51550,1.40,2.6618E-125,4.9291E-121,11
AT3G60650,1.36,2.4471E-111,4.5316E-107,11
AT1G06980,1.36,5.07403E-91,9.39608E-87,11
AT4G37940,1.36,2.9967E-150,5.5494E-146,11
AT1G17400,1.33,1.4842E-102,2.74842E-98,11
AT3G14362,1.31,7.24042E-60,1.34078E-55,11
AT1G56680,1.28,1.77846E-67,3.29335E-63,11
AT3G53040,1.27,3.32277E-63,6.1531E-59,11
AT4G27520,1.21,3.17687E-76,5.88293E-72,11
AT2G21050,1.21,6.12911E-83,1.13499E-78,11
AT1G09570,1.20,7.3321E-138,1.3578E-133,11
AT2G18230,1.18,2.7996E-100,5.18428E-96,11
AT3G24520,1.17,1.28411E-79,2.37791E-75,11
AT5G59790,1.15,3.50216E-80,6.4853E-76,11
AT1G18250,1.13,4.43282E-83,8.2087E-79,11
AT4G15248,1.11,1.34459E-83,2.4899E-79,11
AT3G60900,1.10,9.3051E-99,1.72311E-94,11
AT5G02070,1.08,3.1485E-100,5.83044E-96,11
AT2G05330,1.06,1.8582E-106,3.441E-102,11
AT1G10530,1.05,6.25613E-41,1.15851E-36,11
AT3G20840,1.04,1.3278E-114,2.4588E-110,11
AT1G26680,1.02,3.74826E-66,6.94103E-62,11
AT3G10780,1.01,6.60016E-93,1.22222E-88,11
AT2G46990,1.00,4.80409E-56,8.89621E-52,11
AT1G56170,0.99,6.43489E-61,1.19161E-56,11
AT5G39820,0.98,1.2537E-48,2.3216E-44,11
AT4G35720,0.98,1.16535E-81,2.15799E-77,11
AT2G23050,0.98,6.124E-79,1.13404E-74,11
AT1G06040,0.96,4.69202E-66,8.68869E-62,11
AT3G23570,0.95,1.2795E-95,2.36938E-91,11
AT3G02245,0.94,3.4123E-52,6.3189E-48,11
AT5G43700,0.94,2.43693E-39,4.51271E-35,11
AT5G02490,0.94,9.91994E-41,1.83697E-36,11
AT1G72180,0.93,2.33032E-93,4.31529E-89,11
AT4G02290,0.93,6.21219E-40,1.15037E-35,11
AT5G56530,0.93,1.3147E-88,2.43457E-84,11
AT1G47670,0.92,4.43586E-96,8.21432E-92,11
AT1G47270,0.92,2.4869E-72,4.60524E-68,11
AT3G01690,0.92,7.72095E-76,1.42977E-71,11
AT3G22840,0.92,4.24314E-14,7.85745E-10,11
AT5G58580,0.91,3.50383E-67,6.4884E-63,11
AT2G36460,0.90,5.81216E-39,1.0763E-34,11
AT1G32900,0.90,3.8934E-105,7.2098E-101,11
AT2G28870,0.90,1.04251E-47,1.93052E-43,11
AT5G64080,0.89,1.33924E-70,2.48E-66,11
AT1G69526,0.89,5.54462E-69,1.02675E-64,11
AT1G74100,0.88,3.89092E-56,7.2052E-52,11
AT1G53708,0.88,2.69848E-14,4.99704E-10,11
AT1G74500,0.87,4.96163E-48,9.18794E-44,11
AT2G29980,0.87,3.42483E-63,6.34211E-59,11
AT3G30350,0.86,2.94238E-67,5.4487E-63,11
AT5G48480,0.85,2.14789E-43,3.97746E-39,11
AT3G01860,0.85,3.57817E-58,6.62606E-54,11
AT4G33800,0.84,5.40978E-66,1.00178E-61,11
AT2G38810,0.84,1.22378E-59,2.2662E-55,11
AT5G65700,0.84,1.01128E-74,1.87269E-70,11
AT1G49475,0.83,5.52905E-89,1.02387E-84,11
AT1G26870,0.83,4.5068E-55,8.3457E-51,11
AT5G47060,0.81,4.36374E-44,8.08078E-40,11
AT1G15500,0.80,5.25138E-59,9.72451E-55,11
AT1G11670,0.80,2.09753E-38,3.88421E-34,11
AT5G08050,0.80,3.1088E-76,5.75688E-72,11
AT3G14990,0.80,5.19585E-25,9.62168E-21,11
AT3G57670,0.80,2.77178E-87,5.13278E-83,11
AT3G50070,0.79,3.12207E-62,5.78144E-58,11
AT3G07760,0.79,6.75004E-68,1.24997E-63,11
AT5G19520,0.79,1.28531E-49,2.38014E-45,11
AT5G14690,0.78,5.12721E-58,9.49456E-54,11
AT1G51190,0.77,4.55402E-63,8.43314E-59,11
AT4G15910,0.77,8.65319E-43,1.6024E-38,11
AT5G17630,0.77,5.54522E-66,1.02686E-61,11
AT3G21270,0.76,7.64446E-22,1.4156E-17,11
AT1G53070,0.76,4.14421E-71,7.67424E-67,11
AT4G16140,0.75,7.38732E-45,1.36798E-40,11
AT2G22330,0.75,2.20989E-28,4.09227E-24,11
AT1G32190,0.75,1.81397E-63,3.3591E-59,11
AT5G07910,0.74,2.92935E-53,5.42458E-49,11
AT3G48670,0.74,3.44122E-70,6.37246E-66,11
AT5G51670,0.74,8.1414E-46,1.50762E-41,11
AT3G55760,0.74,6.95822E-56,1.28852E-51,11
AT4G16141,0.74,5.7732E-26,1.06908E-21,11
AT4G04620,0.73,9.47328E-65,1.75426E-60,11
AT1G74560,0.73,5.21887E-46,9.66431E-42,11
AT4G37410,0.73,1.58184E-29,2.92924E-25,11
AT5G25900,0.73,5.39869E-46,9.9973E-42,11
AT3G62530,0.73,1.8158E-39,3.36249E-35,11
AT3G17840,0.72,1.20442E-74,2.23034E-70,11
AT1G75580,0.72,5.68424E-48,1.05261E-43,11
AT1G04250,0.72,6.89311E-21,1.27647E-16,11
AT3G44735,0.72,3.16475E-48,5.86048E-44,11
AT4G39800,0.71,8.60727E-40,1.59389E-35,11
AT1G70940,0.71,1.74233E-24,3.22645E-20,11
AT4G22250,0.71,2.54347E-55,4.70999E-51,11
AT5G17520,0.71,8.52885E-39,1.57937E-34,11
AT5G14000,0.71,1.20963E-37,2.24E-33,11
AT3G18230,0.70,4.62666E-36,8.56766E-32,11
AT5G26670,0.70,1.47854E-50,2.73796E-46,11
AT5G52470,0.70,4.81107E-38,8.90914E-34,11
AT1G56280,0.70,8.13591E-32,1.50661E-27,11
AT3G18490,0.70,1.29117E-30,2.39099E-26,11
AT3G20880,0.70,9.06792E-58,1.6792E-53,11
AT2G02760,0.69,2.45273E-50,4.54197E-46,11
AT3G12320,0.69,1.22847E-34,2.27489E-30,11
AT1G13280,0.69,2.15269E-50,3.98634E-46,11
AT3G14230,0.69,1.15239E-43,2.13399E-39,11
AT3G07410,0.69,3.92132E-45,7.2615E-41,11
AT2G21060,0.68,1.86087E-40,3.44595E-36,11
AT1G56220,0.68,1.00866E-24,1.86783E-20,11
AT3G44220,0.68,8.37543E-32,1.55096E-27,11
AT3G23280,0.68,3.56531E-34,6.60224E-30,11
AT2G38860,0.68,1.77213E-27,3.28163E-23,11
AT1G57820,0.68,1.26448E-47,2.34156E-43,11
AT3G10940,0.68,4.64599E-43,8.60344E-39,11
AT3G17160,0.68,1.00848E-34,1.86751E-30,11
AT4G29690,0.68,1.77384E-26,3.28479E-22,11
AT5G60850,0.67,3.44958E-30,6.38793E-26,11
AT4G34138,0.67,2.45578E-26,4.54761E-22,11
AT1G11580,0.67,1.91542E-12,3.54697E-08,11
AT5G48130,0.66,1.27188E-52,2.35527E-48,11
AT1G75170,0.66,1.69993E-42,3.14794E-38,11
AT1G73590,0.66,6.86284E-41,1.27086E-36,11
AT4G08950,0.66,5.88257E-27,1.08933E-22,11
AT1G29980,0.66,4.13969E-49,7.66587E-45,11
AT2G46830,0.65,1.0479E-36,1.94051E-32,11
AT5G56790,0.65,3.33043E-55,6.1673E-51,11
AT1G21090,0.65,5.66233E-51,1.04855E-46,11
AT5G03230,0.65,2.94432E-26,5.45229E-22,11
AT3G19380,0.64,1.48329E-40,2.74675E-36,11
AT2G46420,0.64,1.8142E-48,3.35953E-44,11
AT5G22650,0.64,3.70455E-41,6.86009E-37,11
AT4G36930,0.63,1.11165E-51,2.05856E-47,11
AT1G70480,0.63,1.76767E-55,3.27337E-51,11
AT5G09300,0.63,2.21006E-55,4.09259E-51,11
AT2G20610,0.63,1.09808E-44,2.03342E-40,11
AT2G33510,0.63,4.53228E-45,8.39288E-41,11
AT4G38210,0.62,1.42355E-53,2.63614E-49,11
AT5G07550,0.62,8.41011E-44,1.55738E-39,11
AT5G02750,0.62,9.97803E-26,1.84773E-21,11
AT4G02230,0.62,4.07944E-40,7.55432E-36,11
AT3G60640,0.62,1.08556E-42,2.01024E-38,11
AT1G01300,0.62,2.44325E-36,4.5244E-32,11
AT3G09035,0.62,5.98139E-54,1.10763E-49,11
AT3G52870,0.61,6.99271E-30,1.29491E-25,11
AT2G12646,0.61,1.17442E-25,2.1748E-21,11
AT5G54470,0.61,5.48804E-24,1.01628E-19,11
AT1G19120,0.61,2.71646E-61,5.03035E-57,11
AT4G24275,0.60,1.78773E-17,3.31053E-13,11
AT3G13510,0.60,3.76304E-55,6.9684E-51,11
AT4G38660,0.60,2.03242E-37,3.76364E-33,11
AT3G03450,0.60,8.21416E-49,1.5211E-44,11
AT1G68560,0.60,6.71996E-30,1.2444E-25,11
AT5G63530,0.60,1.3195E-31,2.44346E-27,11
AT1G55360,0.60,6.29734E-29,1.16614E-24,11
AT5G42100,0.60,2.08259E-35,3.85653E-31,11
AT2G37600,0.60,2.17439E-30,4.02653E-26,11
AT5G21020,0.59,3.39077E-27,6.27903E-23,11
AT1G49390,0.59,1.92461E-57,3.564E-53,11
AT5G22630,0.59,3.55228E-13,6.57811E-09,11
AT4G26840,0.59,2.53986E-34,4.70331E-30,11
AT2G41650,0.59,3.15793E-27,5.84785E-23,11
AT1G14720,0.59,3.25123E-47,6.02062E-43,11
AT5G48360,0.59,8.84014E-50,1.63702E-45,11
AT1G64720,0.58,8.14355E-26,1.50802E-21,11
AT3G02210,0.58,1.38487E-74,2.5645E-70,11
AT1G17370,0.58,2.66221E-38,4.92988E-34,11
AT5G41600,0.58,2.19382E-37,4.06251E-33,11
AT1G23080,0.58,1.34547E-26,2.49154E-22,11
AT3G57150,0.58,1.80029E-36,3.33377E-32,11
AT3G55550,0.57,2.42875E-75,4.49755E-71,11
AT5G55160,0.57,7.26046E-37,1.34449E-32,11
AT1G10760,0.57,1.71915E-43,3.18351E-39,11
AT5G58590,0.57,2.79325E-34,5.17253E-30,11
AT4G25630,0.57,2.07626E-35,3.84482E-31,11
AT2G21970,0.57,9.20396E-36,1.70439E-31,11
AT3G15000,0.57,2.44837E-32,4.53389E-28,11
AT2G05790,0.56,5.66763E-29,1.04953E-24,11
AT4G10640,0.56,1.91104E-33,3.53886E-29,11
AT1G22030,0.56,1.18798E-24,2.1999E-20,11
AT5G60340,0.56,4.33176E-33,8.02155E-29,11
AT3G52440,0.56,1.42616E-28,2.64096E-24,11
AT4G25740,0.56,1.68291E-34,3.11642E-30,11
AT5G44720,0.56,2.07602E-47,3.84438E-43,11
AT2G46650,0.56,2.12917E-23,3.94279E-19,11
AT1G70000,0.56,4.63946E-23,8.59136E-19,11
AT2G37410,0.56,5.15202E-29,9.54051E-25,11
AT1G67030,0.55,6.47902E-24,1.19978E-19,11
AT3G48100,0.55,7.09934E-19,1.31466E-14,11
AT1G10960,0.55,4.49292E-22,8.31999E-18,11
AT5G08180,0.55,4.28589E-21,7.9366E-17,11
AT5G47210,0.55,6.71363E-38,1.24323E-33,11
AT4G12300,0.55,2.19318E-43,4.06134E-39,11
AT1G25260,0.54,2.33271E-28,4.3197E-24,11
AT3G23830,0.54,3.19979E-26,5.92537E-22,11
AT5G01090,0.54,3.09098E-44,5.72388E-40,11
AT2G22420,0.54,1.45035E-23,2.68576E-19,11
AT5G19160,0.54,1.42127E-28,2.6319E-24,11
AT2G24190,0.54,1.52957E-69,2.83247E-65,11
AT1G74440,0.54,6.35864E-29,1.17749E-24,11
AT2G25130,0.54,4.89349E-51,9.06176E-47,11
AT2G45340,0.54,4.91656E-57,9.10448E-53,11
AT2G45740,0.54,6.8311E-45,1.26498E-40,11
AT3G44750,0.53,4.38367E-19,8.11768E-15,11
AT2G34020,0.53,2.28078E-29,4.22354E-25,11
AT2G37220,0.53,7.71052E-33,1.42783E-28,11
AT5G61020,0.53,1.57222E-26,2.91143E-22,11
AT1G78510,0.53,1.71453E-36,3.17497E-32,11
AT5G48110,0.53,1.5136E-25,2.80289E-21,11
AT2G44860,0.53,1.531E-25,2.8351E-21,11
AT1G69700,0.53,5.428E-26,1.00516E-21,11
AT5G50740,0.53,2.86199E-35,5.29983E-31,11
AT4G24710,0.53,6.88139E-53,1.2743E-48,11
AT2G15910,0.52,9.97148E-25,1.84652E-20,11
AT3G24660,0.52,9.7704E-51,1.80928E-46,11
AT5G03455,0.52,1.97719E-33,3.66135E-29,11
AT5G61130,0.52,6.5813E-23,1.21872E-18,11
AT1G51200,0.52,1.69266E-24,3.13447E-20,11
AT5G48650,0.52,5.26829E-43,9.75583E-39,11
AT2G22670,0.52,1.46779E-27,2.71805E-23,11
AT2G20490,0.52,3.72758E-24,6.90273E-20,11
AT4G09320,0.51,6.63746E-33,1.22912E-28,11
AT1G33790,0.51,9.03442E-41,1.67299E-36,11
AT4G00238,0.51,3.45294E-41,6.39416E-37,11
AT4G26760,0.51,2.89736E-30,5.36533E-26,11
AT4G28170,0.51,6.17616E-41,1.1437E-36,11
AT3G63450,0.51,6.4722E-55,1.19852E-50,11
AT2G25490,0.51,1.83558E-22,3.39913E-18,11
AT1G16020,0.50,4.82832E-40,8.94109E-36,11
AT1G35230,0.50,1.34996E-53,2.49986E-49,11
AT3G62840,0.50,1.41867E-27,2.62709E-23,11
AT5G09590,0.50,2.96816E-18,5.49644E-14,11
AT1G13380,0.50,1.88314E-27,3.48719E-23,11
AT4G14270,0.50,2.80615E-18,5.19643E-14,11
AT1G11475,0.50,1.3825E-31,2.56012E-27,11
AT3G05060,0.50,7.30807E-27,1.35331E-22,11
AT2G01430,0.50,2.49195E-16,4.61459E-12,11
AT1G79110,0.50,2.79021E-40,5.16691E-36,11
AT5G60890,0.49,6.031E-19,1.11682E-14,11
AT3G13580,0.49,5.93168E-21,1.09843E-16,11
AT5G13370,0.49,1.80675E-27,3.34574E-23,11
AT4G36970,0.49,1.05079E-48,1.94585E-44,11
AT5G17430,0.49,4.18324E-42,7.74652E-38,11
AT4G34620,0.49,1.06579E-26,1.97363E-22,11
AT2G11910,0.49,1.09033E-17,2.01908E-13,11
AT2G45830,0.49,2.60292E-41,4.82009E-37,11
AT5G39850,0.49,1.75389E-19,3.24786E-15,11
AT5G01075,0.49,3.99615E-56,7.40007E-52,11
AT1G71870,0.49,1.69076E-48,3.13095E-44,11
AT1G48920,0.48,1.63231E-34,3.02271E-30,11
AT4G17150,0.48,4.17582E-32,7.73278E-28,11
AT5G53990,0.48,7.90043E-42,1.463E-37,11
AT4G32890,0.48,1.59554E-16,2.95461E-12,11
AT3G03920,0.48,8.22589E-26,1.52327E-21,11
AT1G01060,0.48,5.35379E-29,9.91415E-25,11
AT4G09800,0.48,2.16231E-30,4.00417E-26,11
AT4G15930,0.48,7.66902E-30,1.42015E-25,11
AT5G48150,0.48,7.43E-27,1.37589E-22,11
AT1G59740,0.48,7.01166E-30,1.29842E-25,11
AT3G14690,0.48,5.37549E-28,9.95433E-24,11
AT4G26850,0.48,5.95355E-25,1.10248E-20,11
AT1G66350,0.48,1.25035E-39,2.31539E-35,11
AT5G20720,0.48,9.89158E-24,1.83172E-19,11
AT1G08350,0.48,2.08864E-45,3.86775E-41,11
AT1G18650,0.48,3.80348E-46,7.04328E-42,11
AT4G31870,0.47,1.83087E-25,3.39041E-21,11
AT5G06360,0.47,2.45151E-19,4.5397E-15,11
AT1G26800,0.47,8.15139E-12,1.50947E-07,11
AT5G55950,0.47,7.30998E-31,1.35366E-26,11
AT1G70710,0.47,1.02557E-20,1.89916E-16,11
AT2G39020,0.46,6.40363E-25,1.18582E-20,11
AT3G48690,0.46,2.48365E-18,4.59923E-14,11
AT1G72040,0.46,4.8168E-26,8.91975E-22,11
AT5G26910,0.46,1.6717E-49,3.09565E-45,11
AT5G58960,0.46,3.65056E-26,6.76011E-22,11
AT3G09900,0.46,2.45233E-26,4.54122E-22,11
AT1G32640,0.46,6.47876E-23,1.19974E-18,11
AT2G22240,0.46,7.05819E-33,1.30703E-28,11
AT3G56370,0.46,1.55644E-24,2.88221E-20,11
AT2G35950,0.46,3.77223E-34,6.98541E-30,11
AT1G15250,0.46,7.38488E-18,1.36753E-13,11
AT2G16700,0.46,6.59833E-26,1.22188E-21,11
AT5G55120,0.45,2.07432E-21,3.84123E-17,11
AT5G04510,0.45,7.95643E-38,1.47337E-33,11
AT4G18335,0.45,2.38984E-26,4.42551E-22,11
AT5G04600,0.45,2.19534E-20,4.06534E-16,11
AT3G27850,0.45,1.62113E-37,3.00201E-33,11
AT5G60670,0.45,2.69516E-27,4.9909E-23,11
AT4G09940,0.45,4.64291E-70,8.59775E-66,11
AT3G50530,0.45,3.58944E-14,6.64692E-10,11
AT4G08310,0.45,5.37816E-29,9.95927E-25,11
AT3G50620,0.45,1.72616E-21,3.1965E-17,11
AT4G15560,0.45,3.13607E-26,5.80737E-22,11
AT5G05640,0.45,1.56463E-26,2.89739E-22,11
AT2G18876,0.45,8.00174E-23,1.48176E-18,11
AT1G01570,0.45,2.47531E-32,4.58378E-28,11
AT5G14520,0.45,9.80712E-19,1.81608E-14,11
AT2G28350,0.45,7.81472E-18,1.44713E-13,11
AT2G14750,0.44,4.01408E-18,7.43328E-14,11
AT1G13430,0.44,1.24454E-25,2.30464E-21,11
AT5G22550,0.44,8.15168E-28,1.50953E-23,11
AT3G17590,0.44,2.15989E-24,3.99968E-20,11
AT4G10450,0.44,1.31459E-17,2.43436E-13,11
AT1G63420,0.44,2.68194E-24,4.96641E-20,11
AT2G28000,0.44,5.58231E-15,1.03373E-10,11
AT1G52930,0.44,2.28419E-18,4.22986E-14,11
AT3G08590,0.44,2.49165E-12,4.61403E-08,11
AT3G61460,0.44,3.57284E-22,6.61619E-18,11
AT2G19540,0.44,7.59804E-28,1.40701E-23,11
AT1G73490,0.44,2.39105E-23,4.42775E-19,11
AT1G44810,0.44,3.52068E-26,6.51959E-22,11
AT3G23580,0.44,2.51988E-25,4.66631E-21,11
AT1G56200,0.44,8.49004E-20,1.57219E-15,11
AT3G46040,0.43,9.55363E-16,1.76914E-11,11
AT3G24080,0.43,1.1881E-20,2.20012E-16,11
AT2G32430,0.43,1.01653E-23,1.8824E-19,11
AT1G49560,0.43,7.93508E-31,1.46942E-26,11
AT5G20160,0.43,1.42597E-21,2.64061E-17,11
AT3G14240,0.43,1.54017E-31,2.85208E-27,11
AT1G49840,0.43,2.55741E-24,4.73581E-20,11
AT4G36830,0.43,5.20968E-41,9.64728E-37,11
AT5G51940,0.43,1.1563E-23,2.14124E-19,11
AT1G49110,0.43,4.65211E-41,8.61477E-37,11
AT5G62140,0.43,1.48559E-29,2.75101E-25,11
AT4G20360,0.43,1.11484E-27,2.06446E-23,11
AT5G46430,0.43,4.27072E-29,7.90853E-25,11
AT2G44770,0.43,2.00532E-16,3.71345E-12,11
AT1G24510,0.43,2.48085E-18,4.59404E-14,11
AT3G58460,0.43,5.88783E-23,1.09031E-18,11
AT4G40030,0.43,1.50128E-17,2.78007E-13,11
AT5G03740,0.43,5.29868E-21,9.81209E-17,11
AT1G80530,0.43,2.35376E-27,4.35869E-23,11
AT1G15910,0.43,2.77019E-25,5.12984E-21,11
AT1G64230,0.42,5.00154E-21,9.26184E-17,11
AT5G56050,0.42,1.77573E-20,3.28829E-16,11
AT1G43170,0.42,3.81387E-27,7.06253E-23,11
AT5G08420,0.42,3.7172E-21,6.88351E-17,11
AT4G33250,0.42,1.89621E-22,3.5114E-18,11
AT1G56110,0.42,2.50999E-21,4.64799E-17,11
AT3G57930,0.42,1.59799E-19,2.95916E-15,11
AT2G36080,0.42,1.76599E-16,3.27027E-12,11
AT3G46590,0.42,1.40273E-23,2.59758E-19,11
AT4G26870,0.42,5.03087E-23,9.31616E-19,11
AT5G67420,0.42,5.04235E-15,9.33743E-11,11
AT5G09920,0.42,6.65369E-23,1.23213E-18,11
AT1G66180,0.42,1.42508E-18,2.63897E-14,11
AT1G28130,0.42,1.53785E-18,2.84778E-14,11
AT1G24880,0.42,1.53348E-15,2.83969E-11,11
AT2G04030,0.41,3.11526E-16,5.76884E-12,11
AT4G10480,0.41,2.00503E-25,3.71291E-21,11
AT3G09500,0.41,1.84319E-27,3.41321E-23,11
AT1G52980,0.41,5.18802E-17,9.60717E-13,11
AT3G22970,0.41,2.34403E-16,4.34068E-12,11
AT4G17610,0.41,1.01307E-28,1.876E-24,11
AT5G58750,0.41,5.81637E-13,1.07708E-08,11
AT3G22320,0.41,3.73026E-20,6.9077E-16,11
AT2G45520,0.41,2.871E-23,5.31652E-19,11
AT3G23990,0.41,7.64768E-23,1.4162E-18,11
AT4G13010,0.41,1.1807E-16,2.18642E-12,11
AT5G65220,0.41,1.54685E-24,2.86447E-20,11
AT1G21880,0.40,2.11012E-21,3.90751E-17,11
AT3G26744,0.40,3.79819E-24,7.03348E-20,11
AT4G14340,0.40,2.61512E-22,4.84268E-18,11
AT2G43710,0.40,5.31616E-20,9.84446E-16,11
AT2G37080,0.40,1.49873E-21,2.77534E-17,11
AT2G36930,0.40,3.73694E-15,6.92007E-11,11
AT5G23740,0.40,5.91148E-32,1.09469E-27,11
AT4G24780,0.40,1.36297E-09,2.52395E-05,11
AT2G41070,0.40,3.26409E-20,6.04444E-16,11
AT3G57650,0.40,5.33818E-23,9.88523E-19,11
AT1G72050,0.40,1.89071E-18,3.50122E-14,11
AT5G06750,0.40,7.39304E-15,1.36904E-10,11
AT4G24760,0.40,3.99754E-18,7.40265E-14,11
AT5G59440,0.40,2.43742E-17,4.51362E-13,11
AT4G23750,0.40,2.02618E-11,3.75208E-07,11
AT5G62440,0.40,5.30336E-19,9.82077E-15,11
AT5G05860,0.40,1.1886E-40,2.20105E-36,11
AT3G48410,0.40,4.61091E-22,8.53848E-18,11
AT5G58090,0.40,1.01583E-18,1.88111E-14,11
AT3G55560,0.40,1.30331E-20,2.41347E-16,11
AT3G07230,0.40,1.37049E-17,2.53788E-13,11
AT1G22270,0.40,1.30767E-18,2.42155E-14,11
AT3G60210,0.40,1.18084E-19,2.18668E-15,11
AT3G49010,0.40,2.2E-34,4.07396E-30,11
AT1G14690,0.40,2.52171E-25,4.66971E-21,11
AT5G48760,0.40,2.1541E-14,3.98896E-10,11
AT4G15780,0.40,8.22195E-21,1.52254E-16,11
AT5G42190,0.40,1.27293E-21,2.35722E-17,11
AT3G09600,0.40,3.7834E-26,7.0061E-22,11
AT1G54385,0.40,3.45563E-36,6.39914E-32,11
AT3G53750,0.40,2.73983E-20,5.07362E-16,11
AT1G17880,0.39,5.5453E-23,1.02688E-18,11
AT5G57630,0.39,5.69852E-15,1.05525E-10,11
AT1G32580,0.39,2.90304E-21,5.37585E-17,11
AT3G11940,0.39,1.53162E-32,2.83625E-28,11
AT3G19500,0.39,3.21228E-45,5.94851E-41,11
AT2G38370,0.39,3.49081E-34,6.46429E-30,11
AT1G48830,0.39,3.48536E-19,6.4542E-15,11
AT3G14530,0.39,1.62161E-19,3.0029E-15,11
AT4G26310,0.39,1.1394E-23,2.10995E-19,11
AT4G32720,0.39,5.85752E-15,1.0847E-10,11
AT3G51800,0.39,1.84768E-18,3.42153E-14,11
AT1G68640,0.39,5.60983E-42,1.03883E-37,11
AT1G23330,0.39,4.72128E-28,8.74286E-24,11
AT3G55170,0.39,1.30307E-15,2.41302E-11,11
AT3G05130,0.39,5.08889E-26,9.4236E-22,11
AT1G50920,0.39,1.32586E-15,2.45523E-11,11
AT4G34980,0.39,1.63606E-30,3.02965E-26,11
AT5G22300,0.39,3.34842E-19,6.2006E-15,11
AT4G30220,0.39,3.13689E-20,5.80889E-16,11
AT1G63980,0.39,7.74277E-19,1.43381E-14,11
AT3G51880,0.39,8.71589E-19,1.61401E-14,11
AT5G51820,0.39,9.21489E-33,1.70641E-28,11
AT5G01650,0.39,6.27143E-22,1.16134E-17,11
AT1G08360,0.39,1.27137E-27,2.35432E-23,11
AT5G58930,0.39,8.45989E-27,1.5666E-22,11
AT5G67200,0.39,3.98738E-52,7.38384E-48,11
AT1G27400,0.39,3.14377E-37,5.82164E-33,11
AT3G55880,0.39,6.67965E-08,0.001236937,11
AT3G22760,0.39,2.63163E-33,4.87325E-29,11
AT4G37590,0.39,1.56067E-14,2.89006E-10,11
AT4G26110,0.39,4.76485E-23,8.82354E-19,11
AT1G72310,0.39,1.69182E-31,3.13292E-27,11
AT2G05920,0.39,5.28763E-13,9.79163E-09,11
AT2G41410,0.38,8.4014E-19,1.55577E-14,11
AT1G75540,0.38,1.15199E-12,2.13326E-08,11
AT4G37540,0.38,1.1928E-14,2.20883E-10,11
AT1G50660,0.38,9.43393E-20,1.74698E-15,11
AT3G50700,0.38,4.7218E-36,8.74384E-32,11
AT1G74060,0.38,2.71589E-13,5.02929E-09,11
AT1G18450,0.38,2.69251E-21,4.98599E-17,11
AT5G22880,0.38,3.68142E-07,0.006817248,11
AT5G45775,0.38,7.21937E-22,1.33688E-17,11
AT1G67590,0.38,1.84036E-18,3.40798E-14,11
AT1G23860,0.38,5.27794E-17,9.7737E-13,11
AT1G56045,0.38,4.2661E-27,7.89996E-23,11
AT1G30230,0.38,2.07575E-41,3.84388E-37,11
AT5G27990,0.38,3.87496E-21,7.17565E-17,11
AT4G29360,0.38,1.36569E-29,2.52899E-25,11
AT1G50640,0.38,4.83861E-12,8.96014E-08,11
AT3G22660,0.38,3.05558E-14,5.65832E-10,11
AT1G02840,0.38,7.30369E-17,1.3525E-12,11
AT1G64970,0.38,1.70112E-27,3.15014E-23,11
AT1G78120,0.38,2.51519E-09,4.65764E-05,11
AT3G25890,0.38,2.58344E-29,4.78402E-25,11
AT1G31970,0.38,5.44866E-12,1.00898E-07,11
AT1G14410,0.38,9.01256E-33,1.66895E-28,11
AT5G35530,0.38,4.1658E-25,7.71423E-21,11
AT1G75730,0.37,6.26065E-25,1.15935E-20,11
AT3G04400,0.37,9.1189E-38,1.68864E-33,11
AT4G32290,0.37,1.28307E-21,2.37599E-17,11
AT4G20020,0.37,1.94347E-21,3.59892E-17,11
AT5G15190,0.37,5.1379E-09,9.51436E-05,11
AT3G14600,0.37,6.5791E-25,1.21832E-20,11
AT4G38130,0.37,2.3441E-16,4.3408E-12,11
AT4G00110,0.37,3.30429E-23,6.11888E-19,11
AT1G68550,0.37,1.61568E-20,2.99191E-16,11
AT5G58420,0.37,1.20657E-24,2.23432E-20,11
AT2G03505,0.37,4.75718E-21,8.80934E-17,11
AT5G05610,0.37,4.53662E-20,8.40091E-16,11
AT5G58230,0.37,1.01493E-19,1.87946E-15,11
AT2G47590,0.37,2.57386E-29,4.76627E-25,11
AT2G14880,0.37,2.50817E-21,4.64463E-17,11
AT1G76860,0.37,1.04088E-18,1.9275E-14,11
AT5G57120,0.37,1.50846E-15,2.79337E-11,11
AT1G49890,0.37,1.40419E-23,2.60027E-19,11
AT5G60810,0.37,6.56292E-39,1.21532E-34,11
AT5G21160,0.37,7.81873E-20,1.44787E-15,11
AT5G56500,0.37,1.11261E-19,2.06034E-15,11
AT5G48500,0.37,1.13391E-19,2.09978E-15,11
AT2G35605,0.37,1.13558E-18,2.10287E-14,11
AT2G18910,0.37,2.3748E-25,4.39766E-21,11
AT2G01505,0.37,4.51101E-19,8.35349E-15,11
AT1G60610,0.37,5.32706E-25,9.86466E-21,11
AT3G27150,0.37,5.93621E-37,1.09927E-32,11
AT3G58610,0.37,4.77219E-15,8.83714E-11,11
AT3G07750,0.36,8.75759E-25,1.62173E-20,11
AT4G32570,0.36,8.13583E-33,1.50659E-28,11
AT3G45030,0.36,6.28395E-27,1.16366E-22,11
AT3G19790,0.36,3.10538E-20,5.75053E-16,11
AT4G28820,0.36,7.75033E-22,1.43521E-17,11
AT2G21590,0.36,1.24361E-36,2.30291E-32,11
AT4G23493,0.36,3.1738E-09,5.87725E-05,11
AT2G46310,0.36,1.85708E-24,3.43895E-20,11
AT5G15200,0.36,3.66646E-35,6.78955E-31,11
AT5G47750,0.36,9.73409E-23,1.80256E-18,11
AT3G12670,0.36,4.52813E-18,8.38518E-14,11
AT1G62390,0.36,9.83971E-15,1.82212E-10,11
AT5G09770,0.36,4.08602E-13,7.56648E-09,11
AT4G09830,0.36,1.07164E-19,1.98445E-15,11
AT1G29250,0.36,5.42093E-15,1.00385E-10,11
AT5G62290,0.36,2.43015E-18,4.50015E-14,11
AT2G45720,0.36,1.94944E-18,3.60998E-14,11
AT4G02450,0.36,3.55315E-18,6.57972E-14,11
AT5G47440,0.36,4.18508E-28,7.74993E-24,11
AT3G23490,0.36,7.42056E-16,1.37414E-11,11
AT2G48100,0.36,5.10291E-19,9.44957E-15,11
AT1G27050,0.36,6.7833E-20,1.25613E-15,11
AT5G56460,0.36,1.1877E-22,2.19938E-18,11
AT4G31360,0.36,6.37594E-22,1.1807E-17,11
AT1G69295,0.36,1.42118E-22,2.63173E-18,11
AT2G30010,0.35,4.88724E-45,9.0502E-41,11
AT3G60260,0.35,2.51105E-13,4.64996E-09,11
AT5G16470,0.35,6.50375E-20,1.20436E-15,11
AT5G05210,0.35,1.90394E-14,3.52572E-10,11
AT4G25210,0.35,3.90644E-15,7.23395E-11,11
AT5G64940,0.35,2.99744E-19,5.55067E-15,11
AT3G05840,0.35,3.15748E-19,5.84702E-15,11
AT3G19100,0.35,9.10897E-12,1.6868E-07,11
AT1G52740,0.35,1.18438E-13,2.19324E-09,11
AT3G52890,0.35,1.28819E-17,2.38547E-13,11
AT1G76300,0.35,5.1162E-17,9.47418E-13,11
AT4G18590,0.35,6.40299E-16,1.18571E-11,11
AT1G23280,0.35,7.32412E-17,1.35628E-12,11
AT4G16830,0.35,1.17829E-13,2.18196E-09,11
AT4G39400,0.35,2.86186E-14,5.29959E-10,11
AT5G56030,0.35,7.13866E-13,1.32194E-08,11
AT4G13690,0.35,1.58578E-29,2.93655E-25,11
AT2G46280,0.35,1.02447E-16,1.89711E-12,11
AT3G42670,0.35,2.18118E-51,4.03911E-47,11
AT1G53887,0.35,2.40766E-34,4.45851E-30,11
AT5G04590,0.35,6.46869E-16,1.19787E-11,11
AT3G10230,0.35,8.92191E-25,1.65216E-20,11
AT1G16610,0.34,2.43152E-15,4.5027E-11,11
AT5G56940,0.34,1.41761E-14,2.62512E-10,11
AT2G46230,0.34,9.37202E-17,1.73551E-12,11
AT5G62190,0.34,1.22761E-16,2.27329E-12,11
AT1G33040,0.34,9.00109E-17,1.66682E-12,11
AT5G55210,0.34,1.79886E-24,3.33112E-20,11
AT3G49810,0.34,4.85089E-17,8.98288E-13,11
AT2G27840,0.34,1.88781E-13,3.49584E-09,11
AT1G15280,0.34,6.99746E-17,1.29579E-12,11
AT3G43670,0.34,1.75683E-17,3.2533E-13,11
AT3G20015,0.34,2.19682E-33,4.06806E-29,11
AT3G13882,0.34,8.45719E-13,1.5661E-08,11
AT1G65920,0.34,2.785E-27,5.15727E-23,11
AT4G39940,0.34,3.17714E-14,5.88343E-10,11
AT4G16720,0.34,3.55456E-34,6.58233E-30,11
AT2G37270,0.34,7.0749E-24,1.31013E-19,11
AT2G33340,0.34,7.98325E-14,1.47834E-09,11
AT5G39800,0.34,1.03433E-20,1.91537E-16,11
AT5G22520,0.34,1.71713E-08,0.000317978,11
AT1G57860,0.34,3.77346E-16,6.9877E-12,11
AT4G00990,0.34,4.1922E-21,7.76312E-17,11
AT5G15750,0.34,1.0102E-12,1.8707E-08,11
AT5G03670,0.34,4.11324E-20,7.61689E-16,11
AT3G01790,0.34,6.9755E-12,1.29172E-07,11
AT5G63135,0.34,2.4397E-21,4.51783E-17,11
AT1G30680,0.34,9.86521E-25,1.82684E-20,11
AT3G61110,0.34,3.87723E-28,7.17986E-24,11
AT1G30880,0.34,4.52701E-12,8.38311E-08,11
AT5G15550,0.34,1.00944E-15,1.86928E-11,11
AT3G22230,0.34,1.24586E-22,2.30708E-18,11
AT1G62422,0.34,4.2425E-12,7.85626E-08,11
AT2G34480,0.34,1.13573E-35,2.10314E-31,11
AT2G45990,0.34,1.37913E-17,2.55387E-13,11
AT1G53280,0.34,4.0703E-19,7.53739E-15,11
AT2G41840,0.33,1.42641E-22,2.64143E-18,11
AT2G43650,0.33,3.02775E-14,5.6068E-10,11
AT5G56740,0.33,1.66045E-17,3.07483E-13,11
AT5G22320,0.33,1.95604E-20,3.6222E-16,11
AT4G32520,0.33,1.71054E-16,3.16757E-12,11
AT3G16640,0.33,1.3101E-38,2.42604E-34,11
AT5G18380,0.33,2.08299E-22,3.85729E-18,11
AT3G22104,0.33,9.69829E-12,1.79593E-07,11
AT3G51720,0.33,8.15834E-31,1.51076E-26,11
AT5G02870,0.33,6.7882E-16,1.25704E-11,11
AT5G58740,0.33,1.89956E-13,3.51761E-09,11
AT1G11750,0.33,4.48911E-18,8.31294E-14,11
AT1G72850,0.33,1.22321E-10,2.26514E-06,11
AT3G54080,0.33,1.50422E-18,2.78551E-14,11
AT4G01150,0.33,1.05788E-15,1.95898E-11,11
AT5G41020,0.33,2.64501E-17,4.89803E-13,11
AT2G19480,0.33,5.16496E-13,9.56447E-09,11
AT5G10360,0.33,1.38182E-24,2.55885E-20,11
AT4G21192,0.33,1.49522E-15,2.76885E-11,11
AT1G02870,0.33,1.19606E-16,2.21487E-12,11
AT3G03950,0.33,1.36859E-19,2.53435E-15,11
AT3G22330,0.33,2.42868E-17,4.49743E-13,11
AT1G80750,0.33,2.53764E-17,4.6992E-13,11
AT4G14110,0.33,1.66455E-13,3.08241E-09,11
AT5G67070,0.33,1.5448E-11,2.86066E-07,11
AT5G67360,0.33,2.47441E-12,4.5821E-08,11
AT3G24830,0.33,4.25314E-22,7.87597E-18,11
AT1G09690,0.33,2.58803E-27,4.79251E-23,11
AT3G53020,0.33,2.14499E-29,3.9721E-25,11
AT5G17300,0.33,8.76022E-18,1.62222E-13,11
AT4G15770,0.33,1.40791E-16,2.60717E-12,11
AT1G80300,0.33,7.6348E-19,1.41381E-14,11
AT5G56010,0.33,2.46834E-12,4.57087E-08,11
AT4G36240,0.33,1.14631E-31,2.12274E-27,11
AT4G15900,0.33,4.50996E-17,8.35155E-13,11
AT3G11500,0.33,1.15871E-13,2.1457E-09,11
AT2G25770,0.33,2.12983E-16,3.94402E-12,11
AT3G53870,0.33,1.36344E-26,2.52482E-22,11
AT2G34170,0.33,1.15171E-14,2.13275E-10,11
AT1G73230,0.33,3.57105E-11,6.61287E-07,11
AT3G07590,0.33,1.26012E-13,2.33348E-09,11
AT4G38680,0.32,3.15708E-26,5.84627E-22,11
AT3G22680,0.32,2.78118E-15,5.1502E-11,11
AT3G07050,0.32,2.15891E-12,3.99788E-08,11
AT4G30020,0.32,1.95706E-16,3.62408E-12,11
AT5G14170,0.32,4.50514E-16,8.34261E-12,11
AT5G20950,0.32,4.31348E-15,7.98769E-11,11
AT5G44200,0.32,1.75303E-14,3.24627E-10,11
AT2G20060,0.32,4.71776E-10,8.73635E-06,11
AT3G27210,0.32,1.13162E-09,2.09553E-05,11
AT2G37190,0.32,2.3681E-20,4.38525E-16,11
AT3G01740,0.32,1.0814E-11,2.00255E-07,11
AT1G49760,0.32,7.00347E-08,0.001296903,11
AT5G49100,0.32,3.53399E-15,6.54424E-11,11
AT3G58220,0.32,5.47063E-24,1.01305E-19,11
AT4G08980,0.32,9.69306E-17,1.79496E-12,11
AT5G39740,0.32,4.29987E-33,7.96249E-29,11
AT5G02530,0.32,6.78934E-15,1.25725E-10,11
AT3G57010,0.32,3.92676E-11,7.27157E-07,11
AT2G42740,0.32,1.68916E-10,3.12798E-06,11
AT2G30590,0.32,2.08918E-20,3.86875E-16,11
AT1G16350,0.32,2.15089E-14,3.98302E-10,11
AT3G03620,0.32,5.89448E-25,1.09154E-20,11
AT1G01160,0.32,8.06768E-15,1.49397E-10,11
AT3G59600,0.32,7.62231E-14,1.4115E-09,11
AT5G16130,0.32,1.43736E-29,2.6617E-25,11
AT4G29410,0.32,8.50064E-17,1.57415E-12,11
AT2G19810,0.32,2.24407E-09,4.15557E-05,11
AT1G03360,0.32,4.11716E-15,7.62417E-11,11
AT2G18740,0.32,1.00658E-12,1.86399E-08,11
AT1G61065,0.32,2.18927E-14,4.05408E-10,11
AT3G18800,0.32,3.76977E-26,6.98087E-22,11
AT2G03780,0.32,1.41629E-22,2.62269E-18,11
AT3G02220,0.32,2.00626E-11,3.7152E-07,11
AT4G30760,0.32,2.76131E-14,5.1134E-10,11
AT3G44150,0.32,7.60106E-15,1.40756E-10,11
AT4G01560,0.32,1.76574E-15,3.26979E-11,11
AT1G21920,0.32,5.35991E-12,9.92548E-08,11
AT3G03960,0.32,1.7505E-11,3.24157E-07,11
AT1G53860,0.32,4.15126E-28,7.6873E-24,11
AT5G63670,0.32,1.99678E-15,3.69763E-11,11
AT3G51010,0.32,8.47524E-13,1.56945E-08,11
AT1G61870,0.31,3.27409E-15,6.06296E-11,11
AT3G23780,0.31,5.25809E-27,9.73693E-23,11
AT4G35030,0.31,3.78951E-13,7.01741E-09,11
AT2G03810,0.31,5.14315E-13,9.52408E-09,11
AT3G06790,0.31,9.42582E-16,1.74547E-11,11
AT3G28860,0.31,1.26457E-12,2.34173E-08,11
AT3G02493,0.31,3.31088E-18,6.13109E-14,11
AT1G26470,0.31,1.57154E-13,2.91018E-09,11
AT3G18370,0.31,1.38509E-13,2.56491E-09,11
AT5G06980,0.31,6.3926E-12,1.18378E-07,11
AT2G19740,0.31,1.7794E-17,3.2951E-13,11
AT1G21690,0.31,4.86765E-17,9.01391E-13,11
AT3G07770,0.31,6.91269E-13,1.28009E-08,11
AT4G13830,0.31,1.94493E-10,3.60162E-06,11
AT5G06060,0.31,4.37345E-18,8.09875E-14,11
AT2G19750,0.31,8.89552E-17,1.64727E-12,11
AT2G19520,0.31,3.94539E-16,7.30607E-12,11
AT5G26751,0.31,3.33728E-12,6.17998E-08,11
AT1G62040,0.31,8.61699E-12,1.59569E-07,11
AT2G37860,0.31,6.71567E-13,1.24361E-08,11
AT1G48410,0.31,4.07416E-15,7.54454E-11,11
AT1G05070,0.31,9.77018E-16,1.80924E-11,11
AT5G18065,0.31,5.63284E-27,1.04309E-22,11
AT5G01020,0.31,8.14378E-15,1.50806E-10,11
AT1G12370,0.31,9.05814E-23,1.67739E-18,11
AT4G27090,0.31,6.37489E-35,1.1805E-30,11
AT5G20290,0.31,1.50142E-29,2.78032E-25,11
AT5G49300,0.31,1.43385E-16,2.65521E-12,11
AT5G05990,0.31,1.09507E-21,2.02786E-17,11
AT4G13850,0.31,6.89275E-28,1.2764E-23,11
AT5G65670,0.31,7.86884E-09,0.000145715,11
AT4G32605,0.31,8.28626E-16,1.53445E-11,11
AT3G13230,0.31,1.23704E-11,2.29074E-07,11
AT1G74970,0.31,1.20569E-19,2.2327E-15,11
AT2G27470,0.31,8.84939E-17,1.63873E-12,11
AT2G07170,0.31,1.954E-21,3.61843E-17,11
AT5G18580,0.31,5.7077E-13,1.05695E-08,11
AT3G56510,0.31,2.65419E-14,4.91503E-10,11
AT2G45640,0.31,5.86017E-13,1.08519E-08,11
AT3G23620,0.31,1.26521E-10,2.34292E-06,11
AT4G39955,0.31,6.81773E-15,1.26251E-10,11
AT2G03090,0.31,2.2373E-09,4.14304E-05,11
AT4G27380,0.31,7.91862E-12,1.46637E-07,11
AT5G63500,0.31,1.22807E-11,2.27415E-07,11
AT1G71260,0.31,9.14168E-14,1.69286E-09,11
AT3G46210,0.31,1.40679E-15,2.6051E-11,11
AT4G21790,0.31,1.32793E-10,2.45907E-06,11
AT3G47470,0.31,1.22903E-16,2.27591E-12,11
AT5G09510,0.31,1.86678E-14,3.45691E-10,11
AT4G28180,0.31,2.22311E-20,4.11676E-16,11
AT2G18020,0.31,1.59643E-36,2.95627E-32,11
AT2G42600,0.31,6.50771E-21,1.2051E-16,11
AT3G12050,0.31,1.26655E-09,2.34539E-05,11
AT1G50110,0.30,4.81482E-20,8.91608E-16,11
AT5G07000,0.30,2.24173E-30,4.15124E-26,11
AT4G02280,0.30,1.52963E-09,2.83256E-05,11
AT5G08565,0.30,1.88574E-24,3.49201E-20,11
AT4G32240,0.30,2.33957E-14,4.33242E-10,11
AT1G31750,0.30,7.34212E-11,1.35961E-06,11
AT2G40510,0.30,1.62413E-17,3.00756E-13,11
AT3G06680,0.30,7.01626E-13,1.29927E-08,11
AT2G29400,0.30,1.7909E-12,3.31638E-08,11
AT4G24770,0.30,3.40052E-12,6.29708E-08,11
AT5G58760,0.30,8.84049E-18,1.63708E-13,11
AT1G61240,0.30,5.32554E-22,9.86184E-18,11
AT3G62870,0.30,2.25306E-30,4.17222E-26,11
AT1G14510,0.30,2.09287E-12,3.87557E-08,11
AT1G56020,0.30,2.14844E-12,3.97847E-08,11
AT5G54580,0.30,2.53178E-12,4.68835E-08,11
AT1G13440,0.30,7.37248E-26,1.36524E-21,11
AT2G35795,0.30,7.10109E-12,1.31498E-07,11
AT3G14110,0.30,1.19972E-15,2.22165E-11,11
AT3G04570,0.30,1.12549E-16,2.08419E-12,11
AT5G07090,0.30,1.60283E-13,2.96813E-09,11
AT1G23310,0.30,3.64005E-15,6.74065E-11,11
AT1G04590,0.30,6.60591E-14,1.22328E-09,11
AT1G04520,0.30,2.93818E-16,5.44091E-12,11
AT5G26600,0.30,6.65832E-14,1.23299E-09,11
AT4G35000,0.30,9.06907E-12,1.67941E-07,11
AT2G36420,0.30,1.06194E-21,1.96649E-17,11
AT1G06950,0.30,2.20068E-19,4.07522E-15,11
AT3G08780,0.30,8.48525E-13,1.5713E-08,11
AT3G50670,0.30,4.3186E-13,7.99719E-09,11
AT4G25730,0.30,1.14027E-09,2.11156E-05,11
AT3G63530,0.30,4.47003E-26,8.2776E-22,11
AT2G30260,0.30,9.2247E-15,1.70823E-10,11
AT1G24100,0.30,4.97238E-10,9.20785E-06,11
AT3G20390,0.30,2.58983E-10,4.79584E-06,11
AT5G53300,0.30,2.57536E-21,4.76905E-17,11
AT1G59980,0.30,6.70655E-26,1.24192E-21,11
AT4G25240,0.30,4.1155E-25,7.62108E-21,11
AT5G02500,0.30,5.00099E-26,9.26083E-22,11
AT4G37550,0.30,1.81548E-29,3.3619E-25,11
AT5G40770,0.30,5.23886E-12,9.70133E-08,11
AT5G20280,0.30,6.50222E-12,1.20408E-07,11
AT4G13170,0.30,2.77563E-14,5.1399E-10,11
AT1G65030,0.30,9.20525E-16,1.70463E-11,11
AT3G18740,0.30,8.24708E-24,1.52719E-19,11
AT3G10090,0.30,1.39061E-10,2.57513E-06,11
AT1G07830,0.30,6.59489E-10,1.22124E-05,11
AT1G30330,0.30,3.88691E-17,7.19779E-13,11
AT2G27530,0.29,3.23432E-14,5.98932E-10,11
AT3G20050,0.29,1.37206E-10,2.54077E-06,11
AT1G69910,0.29,3.90467E-20,7.23067E-16,11
AT5G54600,0.29,1.33259E-17,2.46769E-13,11
AT5G04850,0.29,3.22018E-11,5.96313E-07,11
AT3G53500,0.29,3.29115E-11,6.09456E-07,11
AT1G20220,0.29,1.9262E-07,0.003566941,11
AT4G32420,0.29,2.15065E-13,3.98257E-09,11
AT1G01100,0.29,3.40589E-17,6.30702E-13,11
AT3G18130,0.29,1.35134E-11,2.50241E-07,11
AT4G20440,0.29,1.21255E-11,2.2454E-07,11
AT3G56070,0.29,1.70252E-10,3.15273E-06,11
AT5G52820,0.29,1.08088E-14,2.00157E-10,11
AT4G28410,0.29,5.43173E-10,1.00585E-05,11
AT3G18600,0.29,2.24298E-11,4.15355E-07,11
AT2G25970,0.29,2.84255E-12,5.26383E-08,11
AT1G08030,0.29,2.95654E-15,5.47493E-11,11
AT2G40300,0.29,1.87603E-11,3.47403E-07,11
AT2G46920,0.29,9.09714E-21,1.68461E-16,11
AT2G05220,0.29,2.48047E-23,4.59334E-19,11
AT3G53190,0.29,4.27683E-13,7.91983E-09,11
AT1G01580,0.29,1.58847E-16,2.94153E-12,11
AT1G17530,0.29,3.63698E-12,6.73495E-08,11
AT5G22510,0.29,5.7218E-18,1.05956E-13,11
AT4G04630,0.29,1.60306E-35,2.96854E-31,11
AT3G52580,0.29,4.54778E-14,8.42158E-10,11
AT2G37790,0.29,2.81578E-17,5.21426E-13,11
AT4G34881,0.29,3.23514E-11,5.99082E-07,11
AT1G79850,0.29,2.30647E-15,4.27112E-11,11
AT5G25210,0.29,1.95055E-17,3.61202E-13,11
AT2G23090,0.29,1.79788E-07,0.003329306,11
AT1G31760,0.29,1.08867E-15,2.01601E-11,11
AT5G46020,0.29,1.89318E-12,3.50578E-08,11
AT5G13850,0.29,2.58327E-16,4.78369E-12,11
AT5G45390,0.29,1.444E-11,2.674E-07,11
AT1G13530,0.29,1.008E-09,1.86662E-05,11
AT1G79150,0.29,1.285E-10,2.37957E-06,11
AT3G23400,0.29,5.5089E-09,0.000102014,11
AT3G49470,0.29,3.99255E-14,7.39341E-10,11
AT5G63650,0.29,1.1123E-11,2.05975E-07,11
AT5G66540,0.29,2.90113E-11,5.37231E-07,11
AT5G64680,0.29,7.9336E-13,1.46914E-08,11
AT5G67260,0.29,3.76563E-12,6.9732E-08,11
AT2G23930,0.29,3.12068E-08,0.000577887,11
AT3G16080,0.29,5.04691E-28,9.34587E-24,11
AT2G24070,0.29,8.20374E-18,1.51917E-13,11
AT5G58110,0.29,1.03694E-12,1.9202E-08,11
AT1G29790,0.29,7.82942E-16,1.44985E-11,11
AT2G35040,0.29,3.61169E-12,6.68813E-08,11
AT3G28730,0.29,4.25405E-12,7.87765E-08,11
AT4G38490,0.29,2.70264E-16,5.00474E-12,11
AT5G03650,0.29,1.20769E-22,2.2364E-18,11
AT1G21065,0.29,4.02721E-12,7.45759E-08,11
AT5G48300,0.29,3.42856E-12,6.34901E-08,11
AT1G13080,0.28,2.72578E-28,5.04759E-24,11
AT4G22380,0.28,2.47267E-12,4.57888E-08,11
AT3G56270,0.28,8.42378E-25,1.55992E-20,11
AT2G26860,0.28,2.92533E-17,5.41712E-13,11
AT3G26090,0.28,1.82423E-11,3.37811E-07,11
AT5G54840,0.28,1.4939E-13,2.7664E-09,11
AT5G53620,0.28,1.70113E-17,3.15016E-13,11
AT1G14620,0.28,1.34395E-09,2.48873E-05,11
AT5G60210,0.28,1.35694E-14,2.51278E-10,11
AT1G54250,0.28,3.23648E-15,5.99332E-11,11
AT1G18590,0.28,2.43001E-23,4.49989E-19,11
AT1G18720,0.28,3.69585E-09,6.84397E-05,11
AT3G46440,0.28,1.26447E-09,2.34155E-05,11
AT2G27040,0.28,6.33022E-21,1.17223E-16,11
AT1G59970,0.28,3.51009E-10,6.49999E-06,11
AT3G04920,0.28,3.50872E-19,6.49744E-15,11
AT3G25400,0.28,1.08979E-13,2.01807E-09,11
AT5G27770,0.28,2.19385E-12,4.06257E-08,11
AT3G11450,0.28,9.89728E-10,1.83278E-05,11
AT4G28510,0.28,1.13694E-13,2.10539E-09,11
AT3G02200,0.28,8.76065E-10,1.6223E-05,11
AT4G28440,0.28,5.00853E-13,9.2748E-09,11
AT5G04440,0.28,2.87966E-15,5.33256E-11,11
AT3G01750,0.28,1.61328E-24,2.98748E-20,11
AT5G53400,0.28,4.22713E-11,7.8278E-07,11
AT1G02780,0.28,1.92915E-32,3.5724E-28,11
AT5G49645,0.28,3.14045E-11,5.81548E-07,11
AT3G24240,0.28,6.05994E-10,1.12218E-05,11
AT3G12145,0.28,6.7737E-19,1.25435E-14,11
AT5G28840,0.28,3.61284E-09,6.69026E-05,11
AT1G62750,0.28,1.36865E-17,2.53447E-13,11
AT3G11510,0.28,1.83468E-26,3.39746E-22,11
AT2G40430,0.28,2.26725E-11,4.19849E-07,11
AT1G62520,0.28,1.72349E-12,3.19157E-08,11
AT5G42820,0.28,1.61911E-10,2.99826E-06,11
AT5G27120,0.28,4.77473E-17,8.84184E-13,11
AT5G60030,0.28,5.04655E-11,9.3452E-07,11
AT2G26180,0.28,4.31855E-23,7.99708E-19,11
AT5G01670,0.28,5.7625E-13,1.0671E-08,11
AT3G17465,0.28,1.01135E-12,1.87282E-08,11
AT2G34750,0.28,4.74699E-09,8.79047E-05,11
AT1G21740,0.28,3.25527E-17,6.0281E-13,11
AT5G46160,0.28,6.83697E-09,0.000126607,11
AT1G16460,0.28,3.26918E-15,6.05387E-11,11
AT4G29510,0.28,3.6318E-11,6.72538E-07,11
AT1G22160,0.28,4.17536E-26,7.73193E-22,11
AT3G63490,0.28,1.04815E-15,1.94096E-11,11
AT1G14320,0.28,7.92385E-30,1.46734E-25,11
AT5G47630,0.28,8.71619E-13,1.61406E-08,11
AT5G61030,0.27,5.76116E-12,1.06685E-07,11
AT2G40660,0.27,8.80376E-15,1.63028E-10,11
AT1G51220,0.27,1.02057E-30,1.88988E-26,11
AT1G03680,0.27,3.22701E-16,5.97578E-12,11
AT1G68220,0.27,3.29292E-17,6.09783E-13,11
AT4G02425,0.27,4.86366E-16,9.00653E-12,11
AT3G08740,0.27,8.61096E-15,1.59458E-10,11
AT5G12110,0.27,5.14332E-10,9.5244E-06,11
AT5G02770,0.27,5.8502E-12,1.08334E-07,11
AT5G24690,0.27,4.53366E-10,8.39543E-06,11
AT4G10610,0.27,1.0575E-10,1.95829E-06,11
AT3G58660,0.27,3.52531E-09,6.52818E-05,11
AT1G08580,0.27,4.46375E-09,8.26598E-05,11
AT1G18540,0.27,4.1444E-19,7.6746E-15,11
AT3G23910,0.27,1.14017E-15,2.11136E-11,11
AT2G34900,0.27,2.57638E-10,4.77094E-06,11
AT5G64170,0.27,2.69074E-08,0.000498271,11
AT5G24120,0.27,6.16828E-10,1.14224E-05,11
AT5G45275,0.27,3.64386E-18,6.74771E-14,11
AT1G32360,0.27,2.67145E-13,4.94699E-09,11
AT1G09520,0.27,8.01738E-14,1.48466E-09,11
AT5G26850,0.27,1.61891E-14,2.9979E-10,11
AT4G01310,0.27,4.94397E-17,9.15524E-13,11
AT5G61770,0.27,5.09502E-12,9.43496E-08,11
AT5G10810,0.27,2.909E-12,5.38689E-08,11
AT4G30950,0.27,1.05328E-12,1.95047E-08,11
AT3G01770,0.27,1.74456E-16,3.23058E-12,11
AT1G24095,0.27,5.06746E-09,9.38392E-05,11
AT1G34110,0.27,6.58083E-17,1.21864E-12,11
AT3G16870,0.27,1.93657E-08,0.000358615,11
AT1G75350,0.27,1.94299E-14,3.59803E-10,11
AT1G58380,0.27,2.10093E-08,0.00038905,11
AT2G21580,0.27,1.41568E-22,2.62157E-18,11
AT4G17950,0.27,1.25801E-13,2.32959E-09,11
AT5G24580,0.27,6.36307E-10,1.17831E-05,11
AT3G18190,0.27,1.6929E-07,0.003134908,11
AT1G33750,0.27,1.01857E-09,1.88618E-05,11
AT5G03050,0.27,4.39164E-17,8.13244E-13,11
AT4G26190,0.27,1.01547E-09,1.88045E-05,11
AT2G24330,0.27,2.0075E-12,3.71749E-08,11
AT1G10850,0.27,8.52365E-13,1.57841E-08,11
AT1G04270,0.27,1.26301E-18,2.33884E-14,11
AT5G60990,0.27,1.86196E-11,3.44797E-07,11
AT2G16940,0.27,1.1574E-10,2.14327E-06,11
AT1G31860,0.27,3.21087E-08,0.00059459,11
AT4G25340,0.27,2.24556E-19,4.15833E-15,11
AT1G57660,0.27,4.02611E-16,7.45554E-12,11
AT3G25520,0.27,1.85394E-25,3.43313E-21,11
AT1G22790,0.27,1.09159E-14,2.0214E-10,11
AT1G64080,0.27,2.93651E-16,5.43782E-12,11
AT2G16500,0.27,7.3774E-08,0.001366147,11
AT4G14320,0.27,3.0229E-19,5.59781E-15,11
AT1G52500,0.27,1.38664E-15,2.56778E-11,11
AT5G20890,0.27,7.42733E-10,1.37539E-05,11
AT2G47160,0.27,1.65171E-18,3.05864E-14,11
AT5G41620,0.27,2.63429E-21,4.87817E-17,11
AT1G44000,0.27,2.31374E-14,4.28459E-10,11
AT3G56340,0.27,3.07288E-19,5.69036E-15,11
AT4G13200,0.27,1.59276E-15,2.94948E-11,11
AT3G02690,0.27,1.52325E-18,2.82075E-14,11
AT3G59650,0.27,2.49828E-09,4.62631E-05,11
AT3G12390,0.27,7.75178E-12,1.43547E-07,11
AT1G76405,0.27,5.3688E-16,9.94193E-12,11
AT1G35516,0.27,5.91713E-09,0.000109573,11
AT3G13570,0.27,1.08129E-08,0.000200233,11
AT5G02790,0.26,5.16033E-18,9.55589E-14,11
AT1G33680,0.26,3.62063E-15,6.70468E-11,11
AT3G02530,0.26,2.57435E-08,0.000476719,11
AT2G41710,0.26,8.12577E-17,1.50473E-12,11
AT4G25890,0.26,5.28367E-15,9.7843E-11,11
AT2G45310,0.26,9.03243E-08,0.001672625,11
AT2G25964,0.26,4.83023E-11,8.94463E-07,11
AT4G32910,0.26,2.22934E-15,4.12828E-11,11
AT5G57815,0.26,9.95786E-13,1.844E-08,11
AT2G04350,0.26,7.98863E-12,1.47933E-07,11
AT5G66240,0.26,4.75197E-12,8.7997E-08,11
AT1G12860,0.26,5.56048E-32,1.02969E-27,11
AT5G06160,0.26,3.63376E-12,6.729E-08,11
AT5G15520,0.26,1.27721E-08,0.000236513,11
AT1G68790,0.26,1.94942E-12,3.60994E-08,11
AT2G28380,0.26,2.49831E-12,4.62637E-08,11
AT4G09550,0.26,5.33584E-13,9.88092E-09,11
AT4G35020,0.26,5.70513E-13,1.05648E-08,11
AT4G17050,0.26,1.43216E-12,2.65208E-08,11
AT1G41880,0.26,4.05066E-20,7.50101E-16,11
AT2G27720,0.26,2.60602E-13,4.82582E-09,11
AT2G40590,0.26,1.15214E-20,2.13353E-16,11
AT3G16310,0.26,1.3888E-12,2.57178E-08,11
AT4G12600,0.26,4.38117E-18,8.11306E-14,11
AT3G62560,0.26,1.4773E-12,2.73567E-08,11
AT3G22440,0.26,9.58863E-10,1.77562E-05,11
AT4G28200,0.26,5.83101E-10,1.07979E-05,11
AT1G25350,0.26,7.95853E-11,1.47376E-06,11
AT2G03820,0.26,5.34998E-10,9.9071E-06,11
AT4G05400,0.26,1.20155E-13,2.22502E-09,11
AT3G63240,0.26,1.63995E-12,3.03687E-08,11
AT5G12410,0.26,1.38192E-10,2.55904E-06,11
AT1G23220,0.26,9.27671E-14,1.71786E-09,11
AT1G34320,0.26,3.49346E-14,6.4692E-10,11
AT4G34555,0.26,2.28699E-10,4.23504E-06,11
AT5G05060,0.26,1.92807E-09,3.5704E-05,11
AT1G77470,0.26,1.89239E-14,3.50432E-10,11
AT1G11720,0.26,3.3617E-21,6.2252E-17,11
AT3G04840,0.26,1.72806E-22,3.20003E-18,11
AT4G27900,0.26,4.06028E-15,7.51882E-11,11
AT3G05560,0.26,2.51826E-20,4.66332E-16,11
AT5G53800,0.26,7.25448E-12,1.34339E-07,11
AT3G10490,0.26,2.67015E-14,4.94459E-10,11
AT2G34325,0.26,1.49363E-14,2.76591E-10,11
AT5G27410,0.26,5.25854E-14,9.73776E-10,11
AT5G10110,0.26,9.15709E-19,1.69571E-14,11
AT3G52590,0.26,5.76894E-36,1.06829E-31,11
AT1G70310,0.26,3.01592E-08,0.000558489,11
AT4G14713,0.26,4.97348E-21,9.20989E-17,11
AT4G04340,0.26,6.73732E-12,1.24762E-07,11
AT5G50150,0.26,1.99284E-11,3.69034E-07,11
AT3G56910,0.26,1.13881E-09,2.10886E-05,11
AT2G45860,0.26,8.95797E-11,1.65884E-06,11
AT1G66250,0.26,8.02671E-18,1.48639E-13,11
AT5G06240,0.26,5.17735E-14,9.58742E-10,11
AT1G53480,0.26,5.01816E-09,9.29263E-05,11
AT2G44120,0.26,5.75087E-17,1.06495E-12,11
AT4G18570,0.26,4.80916E-10,8.9056E-06,11
AT5G23300,0.26,2.72315E-14,5.04273E-10,11
AT5G03280,0.26,2.675E-09,4.95356E-05,11
AT1G12270,0.26,4.6268E-11,8.5679E-07,11
AT4G00270,0.26,1.281E-10,2.37215E-06,11
AT5G02960,0.26,9.98554E-43,1.84912E-38,11
AT4G00200,0.26,4.16595E-13,7.71451E-09,11
AT3G10770,0.26,7.53465E-08,0.001395267,11
AT1G07870,0.26,1.5848E-09,2.93474E-05,11
AT1G69620,0.26,3.33328E-13,6.17257E-09,11
AT4G24280,0.26,3.44083E-07,0.006371729,11
AT1G15200,0.26,3.90344E-11,7.22838E-07,11
AT2G01210,0.26,4.46155E-25,8.2619E-21,11
AT5G59160,0.25,1.5742E-11,2.91511E-07,11
AT5G40950,0.25,1.36697E-12,2.53135E-08,11
AT5G47600,0.25,3.13644E-09,5.80805E-05,11
AT4G34910,0.25,1.14125E-12,2.11336E-08,11
AT1G42430,0.25,2.08944E-13,3.86923E-09,11
AT1G56070,0.25,1.21566E-15,2.25115E-11,11
AT3G21110,0.25,2.14784E-14,3.97737E-10,11
AT2G47110,0.25,4.02154E-14,7.44709E-10,11
AT3G22930,0.25,1.75104E-08,0.000324257,11
AT1G08110,0.25,6.46843E-09,0.000119782,11
AT1G29900,0.25,1.44007E-08,0.000266673,11
AT2G27230,0.25,8.46048E-12,1.56671E-07,11
AT1G06790,0.25,6.18345E-16,1.14505E-11,11
AT2G39795,0.25,4.29663E-13,7.95651E-09,11
AT2G16760,0.25,3.21892E-25,5.96079E-21,11
AT5G43850,0.25,9.48824E-09,0.000175703,11
AT1G28150,0.25,9.82255E-16,1.81894E-11,11
AT2G32560,0.25,1.38291E-07,0.002560866,11
AT2G35240,0.25,1.34216E-09,2.48542E-05,11
AT5G49910,0.25,1.35392E-08,0.000250719,11
AT4G34670,0.25,1.66635E-21,3.08575E-17,11
AT1G07520,0.25,6.43204E-09,0.000119108,11
AT1G60640,0.25,1.04587E-08,0.000193675,11
AT1G13690,0.25,2.14993E-09,3.98124E-05,11
AT5G22640,0.25,1.26642E-12,2.34515E-08,11
AT3G63030,0.25,1.80984E-12,3.35146E-08,11
AT2G43360,0.25,3.81901E-08,0.000707204,11
AT1G78630,0.25,1.3672E-10,2.53178E-06,11
AT5G55130,0.25,1.2933E-12,2.39493E-08,11
