Gene,Average Log FC,p value,Adjusted                p value ,Subluster
AT2G33790,1.71,6.16838E-15,8.96142E-11,1
AT3G29250,1.61,8.67962E-46,1.26097E-41,1
AT4G19030,1.61,9.44346E-32,1.37195E-27,1
AT3G09260,1.55,2.91083E-59,4.22885E-55,1
AT3G26520,1.15,8.00138E-14,1.16244E-09,1
AT3G16450,1.06,4.75032E-19,6.90126E-15,1
AT1G28290,1.06,3.0496E-28,4.43045E-24,1
AT3G16240,1.04,8.844E-20,1.28486E-15,1
AT3G16420,1.03,2.02796E-36,2.94622E-32,1
AT4G14880,1.02,1.69779E-45,2.46655E-41,1
AT5G47990,1.00,1.66319E-23,2.41628E-19,1
AT5G15230,0.99,6.32403E-18,9.18756E-14,1
AT3G16400,0.98,1.14419E-18,1.66229E-14,1
AT4G22230,0.96,9.48135E-22,1.37745E-17,1
AT3G50640,0.93,1.58893E-24,2.3084E-20,1
AT3G08030,0.91,4.64607E-37,6.74982E-33,1
AT1G41830,0.91,2.36649E-28,3.43804E-24,1
AT4G37410,0.90,2.56736E-19,3.72986E-15,1
AT1G78040,0.89,1.93717E-51,2.81432E-47,1
AT3G16430,0.89,4.36879E-27,6.34698E-23,1
AT2G43535,0.88,9.81971E-12,1.42661E-07,1
AT5G53250,0.87,3.23017E-20,4.6928E-16,1
AT5G26280,0.87,1.04527E-25,1.51856E-21,1
AT1G62480,0.87,4.67966E-14,6.79862E-10,1
AT2G38120,0.85,1.829E-34,2.65717E-30,1
AT5G44585,0.85,3.58161E-18,5.20337E-14,1
AT1G77330,0.84,2.11721E-19,3.07589E-15,1
AT1G65845,0.84,1.45352E-27,2.11168E-23,1
AT1G09560,0.83,2.71108E-34,3.93866E-30,1
AT1G63220,0.83,6.20053E-13,9.00813E-09,1
AT5G03240,0.82,1.10867E-18,1.61067E-14,1
AT1G49240,0.80,6.0186E-20,8.74383E-16,1
AT1G04250,0.80,7.92334E-19,1.1511E-14,1
AT1G36060,0.79,6.28274E-18,9.12756E-14,1
AT5G47950,0.79,3.01252E-32,4.37659E-28,1
AT1G03870,0.77,2.48333E-18,3.60778E-14,1
AT3G56800,0.75,8.65628E-26,1.25758E-21,1
AT5G48000,0.75,2.75781E-19,4.00655E-15,1
AT1G66800,0.75,5.83791E-17,8.48131E-13,1
AT3G01470,0.74,1.68851E-32,2.45307E-28,1
AT3G14595,0.74,1.469E-31,2.13417E-27,1
AT1G54000,0.74,2.65923E-27,3.86333E-23,1
AT5G59290,0.73,3.35592E-27,4.87548E-23,1
AT5G64260,0.73,8.62318E-14,1.25278E-09,1
AT5G66280,0.73,5.64347E-17,8.19883E-13,1
AT5G12940,0.73,3.11828E-20,4.53023E-16,1
AT4G24275,0.73,1.27967E-18,1.85911E-14,1
AT4G22010,0.73,8.47855E-29,1.23176E-24,1
AT5G10430,0.72,4.45706E-11,6.47521E-07,1
AT4G31550,0.72,2.43955E-24,3.54418E-20,1
AT4G25250,0.72,2.40163E-19,3.48909E-15,1
AT5G19340,0.71,3.91841E-26,5.69267E-22,1
AT5G56320,0.71,3.43778E-12,4.9944E-08,1
AT5G19230,0.71,3.55381E-14,5.16298E-10,1
AT5G62340,0.70,5.44318E-09,7.90785E-05,1
AT1G05850,0.70,2.01226E-27,2.92342E-23,1
AT1G08200,0.70,3.94304E-23,5.72845E-19,1
AT2G34300,0.70,5.53459E-28,8.04065E-24,1
AT1G54030,0.69,4.13824E-21,6.01203E-17,1
AT5G27670,0.69,6.05219E-11,8.79262E-07,1
AT4G36640,0.69,8.61665E-25,1.25183E-20,1
AT2G22170,0.69,3.3901E-19,4.92514E-15,1
AT1G70490,0.68,4.44642E-20,6.45976E-16,1
AT1G76240,0.68,4.21695E-11,6.12638E-07,1
AT1G20696,0.68,3.62718E-22,5.26957E-18,1
AT4G30440,0.68,1.41966E-23,2.06248E-19,1
AT5G13870,0.68,1.88903E-12,2.74438E-08,1
AT1G73260,0.68,1.87228E-10,2.72005E-06,1
AT1G78570,0.67,1.22055E-16,1.77322E-12,1
AT2G06850,0.67,6.19733E-16,9.00347E-12,1
AT3G16460,0.67,2.97819E-25,4.32672E-21,1
AT3G17390,0.67,8.80716E-16,1.2795E-11,1
AT5G65660,0.66,4.14671E-13,6.02434E-09,1
AT1G03220,0.66,9.38246E-13,1.36308E-08,1
AT3G12610,0.66,3.41671E-27,4.9638E-23,1
AT3G23820,0.66,2.01163E-26,2.92249E-22,1
AT1G76670,0.66,8.70549E-30,1.26473E-25,1
AT3G04730,0.66,6.5202E-24,9.47254E-20,1
AT2G41475,0.65,2.50279E-25,3.63606E-21,1
AT3G44320,0.65,2.25616E-22,3.27775E-18,1
AT1G23190,0.65,3.68837E-24,5.35847E-20,1
AT5G42590,0.65,1.45807E-22,2.11829E-18,1
AT5G47200,0.64,1.72835E-23,2.51094E-19,1
AT1G11545,0.64,8.02417E-15,1.16575E-10,1
AT1G23490,0.64,1.20468E-16,1.75016E-12,1
AT1G78150,0.64,5.22195E-29,7.58646E-25,1
AT5G10830,0.64,4.28645E-16,6.22735E-12,1
AT3G15950,0.64,1.39036E-21,2.01991E-17,1
AT5G44110,0.64,3.29771E-12,4.79092E-08,1
AT1G74840,0.63,1.86254E-15,2.7059E-11,1
AT5G23420,0.63,1.87307E-07,0.0027212,1
AT3G54810,0.63,7.77596E-20,1.12969E-15,1
AT5G15350,0.63,5.87329E-24,8.53271E-20,1
AT3G54770,0.63,1.44159E-14,2.09434E-10,1
AT4G01610,0.63,2.13394E-26,3.10018E-22,1
AT3G15480,0.62,7.66559E-24,1.11366E-19,1
AT2G15490,0.62,1.28131E-15,1.86148E-11,1
AT5G26667,0.62,9.68421E-17,1.40692E-12,1
AT4G40040,0.62,1.14452E-12,1.66275E-08,1
AT5G35740,0.62,1.25523E-12,1.82359E-08,1
AT5G49460,0.62,3.71534E-27,5.39765E-23,1
AT2G28760,0.61,9.01018E-21,1.309E-16,1
AT2G40475,0.61,1.59667E-20,2.31964E-16,1
AT3G29360,0.61,3.67947E-24,5.34554E-20,1
AT1G65820,0.61,2.26664E-23,3.29298E-19,1
AT1G10470,0.61,1.95932E-24,2.84651E-20,1
AT2G17500,0.61,1.93745E-12,2.81472E-08,1
AT1G01620,0.61,4.25321E-13,6.17906E-09,1
AT1G20010,0.61,1.42823E-15,2.07494E-11,1
AT4G22930,0.61,1.99967E-25,2.90512E-21,1
AT5G19770,0.61,1.78196E-22,2.58883E-18,1
AT4G13510,0.61,1.92385E-22,2.79497E-18,1
AT5G46890,0.61,2.24102E-07,0.00325575,1
AT2G40470,0.60,9.65527E-18,1.40272E-13,1
AT3G04120,0.60,6.85286E-15,9.95583E-11,1
AT5G15490,0.60,3.49256E-16,5.07399E-12,1
AT2G24550,0.60,2.1881E-13,3.17887E-09,1
AT4G17170,0.60,2.88967E-21,4.19811E-17,1
AT2G22770,0.60,2.68709E-20,3.9038E-16,1
AT5G12250,0.60,1.55238E-24,2.2553E-20,1
AT2G31570,0.59,7.24483E-19,1.05253E-14,1
AT1G75780,0.59,1.25689E-11,1.82602E-07,1
AT2G44790,0.59,2.53895E-10,3.68859E-06,1
AT4G25900,0.59,1.9224E-22,2.79286E-18,1
AT1G32640,0.59,1.03945E-12,1.51011E-08,1
AT2G46330,0.59,8.57362E-15,1.24558E-10,1
AT1G29470,0.58,3.50081E-18,5.08598E-14,1
AT4G23710,0.58,5.328E-13,7.74052E-09,1
AT3G55440,0.58,1.91194E-18,2.77767E-14,1
AT5G25460,0.58,4.65657E-07,0.006765071,1
AT2G41110,0.58,1.6127E-13,2.34294E-09,1
AT5G39320,0.58,6.84012E-10,9.93733E-06,1
AT1G78900,0.58,4.91704E-16,7.14348E-12,1
AT2G24570,0.58,1.11995E-16,1.62707E-12,1
AT5G23830,0.57,5.13409E-16,7.4588E-12,1
AT3G10985,0.57,1.29603E-16,1.88287E-12,1
AT1G04820,0.57,2.53602E-17,3.68433E-13,1
AT1G54410,0.57,9.04356E-20,1.31385E-15,1
AT3G14990,0.57,3.16505E-08,0.000459819,1
AT1G20693,0.57,1.56084E-16,2.26758E-12,1
AT4G34720,0.57,3.01715E-15,4.38332E-11,1
AT1G28130,0.57,1.75848E-23,2.55472E-19,1
AT4G11150,0.57,3.89831E-16,5.66347E-12,1
AT1G17890,0.57,1.07366E-22,1.55981E-18,1
AT4G32530,0.57,5.05588E-21,7.34518E-17,1
AT4G38740,0.56,5.26345E-07,0.007646738,1
AT1G54890,0.56,3.41346E-07,0.00495908,1
AT3G27360,0.56,4.35945E-07,0.006333415,1
AT1G27950,0.56,2.99301E-07,0.004348238,1
AT4G12880,0.56,1.77572E-12,2.57977E-08,1
AT5G09890,0.56,4.28549E-25,6.22597E-21,1
AT5G28050,0.56,2.00088E-15,2.90688E-11,1
AT1G19910,0.56,6.24852E-18,9.07785E-14,1
AT3G23470,0.56,1.00977E-19,1.467E-15,1
AT2G19760,0.56,7.62362E-13,1.10756E-08,1
AT5G20650,0.56,1.90354E-17,2.76547E-13,1
AT2G42570,0.55,3.57892E-19,5.19946E-15,1
AT2G44060,0.55,2.89087E-18,4.19985E-14,1
AT1G04680,0.55,1.05719E-23,1.53588E-19,1
AT4G14960,0.55,2.9062E-22,4.22213E-18,1
AT4G15470,0.55,1.37624E-24,1.9994E-20,1
AT3G22850,0.55,2.0998E-20,3.05059E-16,1
AT1G08830,0.55,7.83911E-19,1.13887E-14,1
AT4G00430,0.55,1.02138E-09,1.48385E-05,1
AT1G12840,0.55,4.31816E-21,6.27342E-17,1
AT5G36290,0.55,7.64931E-26,1.11129E-21,1
AT1G01550,0.55,2.40497E-14,3.49394E-10,1
AT5G19250,0.55,3.61557E-15,5.25271E-11,1
AT4G03190,0.54,1.20098E-17,1.74478E-13,1
AT2G16510,0.54,6.00286E-19,8.72095E-15,1
AT5G23860,0.54,4.26326E-17,6.19366E-13,1
AT4G21600,0.54,6.85599E-22,9.96038E-18,1
AT1G63000,0.54,8.8372E-15,1.28387E-10,1
AT5G65020,0.54,3.34615E-18,4.86128E-14,1
AT5G65430,0.54,3.18211E-20,4.62298E-16,1
AT2G28720,0.53,3.18003E-07,0.004619942,1
AT1G25550,0.53,4.52834E-17,6.57877E-13,1
AT4G30190,0.53,2.26383E-16,3.2889E-12,1
AT3G28940,0.53,2.39431E-20,3.47845E-16,1
AT1G66270,0.53,1.76748E-22,2.5678E-18,1
AT1G75800,0.53,3.05867E-19,4.44363E-15,1
AT5G60360,0.53,5.11575E-19,7.43216E-15,1
AT3G45980,0.53,1.50265E-07,0.002183055,1
AT5G57090,0.53,4.68943E-14,6.8128E-10,1
AT1G64640,0.53,1.8701E-10,2.71688E-06,1
AT4G23470,0.53,1.79347E-18,2.60555E-14,1
AT3G24503,0.53,4.91987E-21,7.14759E-17,1
AT1G48440,0.53,3.74833E-19,5.44557E-15,1
AT5G07110,0.52,2.81631E-12,4.09153E-08,1
AT5G66690,0.52,4.73463E-15,6.87847E-11,1
AT2G31390,0.52,9.97837E-24,1.44966E-19,1
AT2G23810,0.52,1.80741E-09,2.62581E-05,1
AT3G45600,0.52,1.07723E-19,1.565E-15,1
AT2G39210,0.52,9.32328E-18,1.35449E-13,1
AT2G34560,0.52,1.9556E-17,2.84109E-13,1
AT5G62180,0.52,2.5854E-19,3.75607E-15,1
AT1G06040,0.52,2.83634E-16,4.12064E-12,1
AT1G64200,0.52,2.58069E-15,3.74922E-11,1
AT3G18780,0.52,8.58129E-11,1.24669E-06,1
AT4G15390,0.52,1.35845E-09,1.97356E-05,1
AT2G43480,0.51,2.23838E-08,0.000325192,1
AT1G65720,0.51,4.61077E-20,6.69852E-16,1
AT3G52990,0.51,6.14385E-19,8.92578E-15,1
AT2G25520,0.51,1.79314E-15,2.60507E-11,1
AT5G64130,0.51,1.21419E-17,1.76398E-13,1
AT3G02230,0.51,1.09657E-08,0.00015931,1
AT2G33470,0.51,2.42569E-15,3.52405E-11,1
AT4G17530,0.51,7.51369E-17,1.09159E-12,1
AT2G45820,0.51,4.74097E-09,6.88768E-05,1
AT3G13410,0.51,4.73493E-22,6.87891E-18,1
AT1G09250,0.51,2.95816E-21,4.29762E-17,1
AT4G19120,0.51,1.0465E-17,1.52036E-13,1
AT5G39570,0.51,1.05611E-14,1.53431E-10,1
AT4G25640,0.50,1.67069E-19,2.42718E-15,1
AT2G27860,0.50,2.20321E-15,3.20083E-11,1
AT4G27860,0.50,6.91668E-17,1.00486E-12,1
AT3G17210,0.50,3.41337E-12,4.95894E-08,1
AT5G08590,0.50,1.99771E-19,2.90227E-15,1
AT3G06650,0.50,6.32068E-16,9.18268E-12,1
AT5G56170,0.50,3.3138E-22,4.81429E-18,1
AT4G32410,0.50,1.78366E-17,2.5913E-13,1
AT2G47130,0.50,1.72582E-13,2.50727E-09,1
AT1G56280,0.50,1.30896E-11,1.90166E-07,1
AT4G18030,0.50,4.43975E-17,6.45007E-13,1
AT1G14670,0.50,1.23435E-16,1.79326E-12,1
AT3G46440,0.50,4.21681E-15,6.12618E-11,1
AT1G50010,0.50,4.806E-15,6.98216E-11,1
AT4G36360,0.49,8.71041E-14,1.26545E-09,1
AT1G04430,0.49,2.60361E-17,3.78252E-13,1
AT4G34640,0.49,1.59367E-21,2.31529E-17,1
AT2G36320,0.49,2.20628E-09,3.20528E-05,1
AT2G25810,0.49,3.59793E-07,0.005227068,1
AT5G48010,0.49,4.45629E-10,6.4741E-06,1
AT4G29350,0.49,4.46695E-15,6.48958E-11,1
AT5G62700,0.49,1.05999E-19,1.53996E-15,1
AT1G67360,0.49,3.82723E-09,5.5602E-05,1
AT4G21960,0.48,7.19483E-11,1.04527E-06,1
AT1G78300,0.48,4.30344E-14,6.25204E-10,1
AT5G51040,0.48,5.06774E-21,7.36241E-17,1
AT1G10670,0.48,3.17729E-17,4.61596E-13,1
AT4G31340,0.48,5.05394E-12,7.34236E-08,1
AT1G04750,0.48,6.481E-19,9.4156E-15,1
AT2G29550,0.48,3.13579E-14,4.55568E-10,1
AT5G05170,0.48,5.57523E-16,8.0997E-12,1
AT4G38920,0.48,1.8055E-13,2.62303E-09,1
AT3G44326,0.48,3.26209E-18,4.73917E-14,1
AT4G26630,0.48,3.72783E-11,5.41579E-07,1
AT5G53300,0.47,4.94206E-21,7.17982E-17,1
AT1G56330,0.47,2.06562E-11,3.00093E-07,1
AT4G14640,0.47,9.5731E-16,1.39078E-11,1
AT2G47320,0.47,1.42348E-15,2.06804E-11,1
AT2G30440,0.47,9.01896E-17,1.31027E-12,1
AT1G45015,0.47,9.34705E-12,1.35794E-07,1
AT5G17190,0.47,3.06073E-15,4.44663E-11,1
AT5G39730,0.47,5.36931E-15,7.80054E-11,1
AT4G02620,0.47,6.5809E-12,9.56073E-08,1
AT2G45960,0.47,4.25489E-13,6.18151E-09,1
AT5G42980,0.47,3.73883E-19,5.43177E-15,1
AT1G14900,0.47,5.10593E-08,0.00074179,1
AT3G28200,0.47,3.60956E-16,5.24397E-12,1
AT5G58060,0.46,1.06012E-18,1.54014E-14,1
AT5G05010,0.46,7.202E-18,1.04631E-13,1
AT5G48230,0.46,5.39997E-16,7.84507E-12,1
AT1G11670,0.46,8.84802E-09,0.000128544,1
AT3G09300,0.46,3.4434E-18,5.00258E-14,1
AT3G02780,0.46,1.21613E-18,1.76679E-14,1
AT1G14080,0.46,7.6305E-19,1.10856E-14,1
AT3G45310,0.46,4.39784E-14,6.38919E-10,1
AT4G32890,0.46,1.35586E-11,1.9698E-07,1
AT5G47770,0.46,2.69905E-20,3.92118E-16,1
AT5G19120,0.46,2.39986E-08,0.000348652,1
AT1G30630,0.46,2.48821E-14,3.61488E-10,1
AT1G15400,0.46,1.81783E-13,2.64094E-09,1
AT3G01390,0.46,6.22514E-17,9.04388E-13,1
AT1G09630,0.46,2.60485E-15,3.78433E-11,1
AT5G06270,0.46,4.08449E-07,0.005933945,1
AT3G24160,0.46,2.72666E-16,3.96129E-12,1
AT2G17560,0.45,1.95736E-15,2.84365E-11,1
AT5G12140,0.45,9.3401E-14,1.35693E-09,1
AT5G48810,0.45,1.35239E-14,1.96475E-10,1
AT2G46600,0.45,8.64908E-09,0.000125654,1
AT5G04830,0.45,5.11574E-18,7.43215E-14,1
AT3G01220,0.45,1.62961E-07,0.002367494,1
AT5G45490,0.45,1.97176E-12,2.86458E-08,1
AT3G62290,0.45,7.30748E-22,1.06163E-17,1
AT3G23300,0.45,5.21273E-18,7.57305E-14,1
AT3G23810,0.45,6.82085E-08,0.000990933,1
AT1G74380,0.45,2.00266E-11,2.90946E-07,1
AT4G37520,0.45,1.57521E-14,2.28846E-10,1
AT3G25140,0.45,2.99549E-18,4.35185E-14,1
AT5G11970,0.45,3.21738E-15,4.67421E-11,1
AT1G75440,0.45,2.03355E-12,2.95435E-08,1
AT2G14890,0.45,8.38111E-12,1.21761E-07,1
AT2G27190,0.45,8.50524E-19,1.23564E-14,1
AT3G58730,0.45,3.29261E-17,4.7835E-13,1
AT3G47810,0.45,4.35974E-14,6.33384E-10,1
AT1G35160,0.44,1.0956E-18,1.59169E-14,1
AT3G54650,0.44,1.14175E-10,1.65874E-06,1
AT5G22630,0.44,7.73789E-10,1.12416E-05,1
AT1G30110,0.44,5.05652E-15,7.34611E-11,1
AT1G52280,0.44,3.35978E-17,4.88108E-13,1
AT4G34260,0.44,4.86775E-22,7.07186E-18,1
AT5G45550,0.44,4.47728E-18,6.50459E-14,1
AT2G20760,0.44,3.40614E-11,4.94844E-07,1
AT3G58120,0.44,1.90312E-14,2.76485E-10,1
AT2G22795,0.44,3.08922E-16,4.48802E-12,1
AT1G01800,0.44,1.36644E-15,1.98517E-11,1
AT5G18860,0.44,8.98834E-18,1.30583E-13,1
AT1G19000,0.43,1.12187E-12,1.62985E-08,1
AT5G03460,0.43,5.68947E-16,8.26567E-12,1
AT4G11820,0.43,2.48053E-14,3.60371E-10,1
AT1G79440,0.43,2.03172E-19,2.95168E-15,1
AT5G54500,0.43,2.85729E-09,4.15106E-05,1
AT5G21090,0.43,9.12933E-13,1.32631E-08,1
AT5G63030,0.43,2.18284E-16,3.17123E-12,1
AT5G65810,0.43,9.44705E-15,1.37247E-10,1
AT5G34850,0.43,2.77891E-14,4.03721E-10,1
AT5G66590,0.43,4.07154E-11,5.91513E-07,1
AT3G48100,0.43,8.87458E-13,1.2893E-08,1
AT5G59890,0.43,3.58104E-18,5.20253E-14,1
AT2G45790,0.43,1.91799E-11,2.78646E-07,1
AT2G18280,0.43,6.92739E-15,1.00641E-10,1
AT3G62650,0.43,1.1312E-11,1.6434E-07,1
AT3G04090,0.43,7.42891E-17,1.07927E-12,1
AT2G24790,0.43,7.45242E-16,1.08269E-11,1
AT1G64980,0.43,1.22302E-18,1.7768E-14,1
AT2G47710,0.42,8.97752E-16,1.30425E-11,1
AT3G46830,0.42,1.97171E-14,2.8645E-10,1
AT5G65670,0.42,3.31888E-17,4.82167E-13,1
AT1G67730,0.42,4.21756E-16,6.12727E-12,1
AT2G29570,0.42,2.56572E-12,3.72748E-08,1
AT5G60920,0.42,7.94589E-11,1.15438E-06,1
AT3G48000,0.42,5.28068E-09,7.67177E-05,1
AT4G34450,0.42,4.32017E-14,6.27634E-10,1
AT1G08500,0.42,5.90233E-11,8.57491E-07,1
AT1G60810,0.42,6.60175E-17,9.59103E-13,1
AT3G14530,0.42,2.53552E-11,3.68361E-07,1
AT4G22235,0.42,1.75961E-10,2.55636E-06,1
AT4G12730,0.41,1.69842E-11,2.46747E-07,1
AT3G48890,0.41,1.16191E-19,1.68803E-15,1
AT4G12650,0.41,2.33564E-13,3.39322E-09,1
AT2G45140,0.41,3.20152E-19,4.65117E-15,1
AT3G27380,0.41,2.33897E-14,3.39805E-10,1
AT1G66240,0.41,7.23812E-12,1.05155E-07,1
AT1G14210,0.41,8.84191E-09,0.000128455,1
AT2G22780,0.41,1.97139E-13,2.86403E-09,1
AT3G51730,0.41,1.68464E-11,2.44744E-07,1
AT5G54970,0.41,2.47945E-09,3.60215E-05,1
AT1G10630,0.41,2.24768E-10,3.26543E-06,1
AT4G00820,0.41,2.64678E-11,3.84524E-07,1
AT5G42090,0.41,4.90112E-17,7.12035E-13,1
AT4G39990,0.41,2.51891E-16,3.65947E-12,1
AT3G49720,0.41,1.83829E-11,2.67067E-07,1
AT3G42790,0.41,3.33554E-16,4.84587E-12,1
AT1G76490,0.41,7.7796E-16,1.13022E-11,1
AT1G03900,0.40,1.09236E-12,1.58698E-08,1
AT5G67420,0.40,3.77627E-11,5.48617E-07,1
AT3G27390,0.40,1.47587E-12,2.14414E-08,1
AT5G13100,0.40,4.01353E-16,5.83085E-12,1
AT1G62790,0.40,4.70907E-18,6.84134E-14,1
AT1G53210,0.40,1.52392E-16,2.21396E-12,1
AT3G54560,0.40,7.75541E-10,1.12671E-05,1
AT3G54400,0.40,4.20405E-07,0.006107644,1
AT4G35450,0.40,4.06175E-18,5.90091E-14,1
AT5G61240,0.40,1.03994E-16,1.51083E-12,1
AT1G70770,0.40,8.61795E-12,1.25202E-07,1
AT5G38480,0.40,1.53594E-12,2.23141E-08,1
AT4G37590,0.40,2.2089E-12,3.2091E-08,1
AT3G17100,0.40,1.31402E-12,1.90901E-08,1
AT5G10960,0.40,8.77886E-15,1.27539E-10,1
AT1G30440,0.40,1.20915E-11,1.75665E-07,1
AT5G51500,0.40,6.72042E-10,9.76342E-06,1
AT2G04780,0.40,9.36651E-08,0.001360767,1
AT4G32150,0.40,1.75889E-17,2.55532E-13,1
AT2G47470,0.40,1.22922E-10,1.78582E-06,1
AT2G36880,0.39,1.54933E-09,2.25087E-05,1
AT5G01710,0.39,5.88807E-14,8.55419E-10,1
AT2G46490,0.39,1.79496E-13,2.60771E-09,1
AT3G08590,0.39,3.84416E-08,0.00055848,1
AT5G49720,0.39,1.32354E-13,1.92283E-09,1
AT4G02500,0.39,3.93344E-12,5.7145E-08,1
AT5G52240,0.39,1.00927E-12,1.46627E-08,1
AT2G45450,0.39,3.89879E-15,5.66417E-11,1
AT4G23420,0.39,2.68772E-13,3.90472E-09,1
AT3G02720,0.39,1.14083E-16,1.65739E-12,1
AT5G03630,0.39,3.84243E-11,5.58228E-07,1
AT2G26370,0.39,3.20459E-17,4.65563E-13,1
AT3G07350,0.39,1.7921E-08,0.000260357,1
AT5G19590,0.39,2.25778E-13,3.2801E-09,1
AT4G30550,0.39,5.92871E-20,8.61323E-16,1
AT3G55770,0.39,6.90392E-14,1.003E-09,1
AT5G01340,0.39,7.97584E-13,1.15873E-08,1
AT1G22640,0.39,3.91068E-09,5.68144E-05,1
AT1G05620,0.39,3.66609E-11,5.3261E-07,1
AT2G41410,0.39,1.72187E-07,0.002501536,1
AT4G39840,0.39,2.46809E-10,3.58564E-06,1
AT5G43830,0.38,3.77782E-10,5.48842E-06,1
AT4G23650,0.38,6.5023E-16,9.44654E-12,1
AT3G12630,0.38,1.70822E-09,2.4817E-05,1
AT5G66170,0.38,2.01291E-11,2.92435E-07,1
AT3G51920,0.38,4.43708E-11,6.44619E-07,1
AT4G21980,0.38,2.59296E-16,3.76705E-12,1
AT3G48260,0.38,2.5201E-16,3.6612E-12,1
AT2G45050,0.38,8.00918E-08,0.001163573,1
AT3G06300,0.38,2.54608E-09,3.69894E-05,1
AT3G48140,0.38,2.98128E-16,4.33121E-12,1
AT4G13930,0.38,1.39839E-07,0.002031577,1
AT3G19820,0.38,1.32277E-11,1.92173E-07,1
AT2G17420,0.38,2.60445E-10,3.78375E-06,1
AT2G37550,0.38,9.25563E-15,1.34466E-10,1
AT1G06390,0.38,6.99997E-16,1.01696E-11,1
AT3G20370,0.38,4.20954E-08,0.000611562,1
AT1G47128,0.38,4.48688E-12,6.51854E-08,1
AT1G75680,0.38,4.00365E-13,5.8165E-09,1
AT3G61260,0.38,1.40508E-10,2.0413E-06,1
AT3G56460,0.38,1.39157E-15,2.02167E-11,1
AT1G45688,0.38,6.90474E-17,1.00312E-12,1
AT1G28280,0.38,5.57826E-14,8.1041E-10,1
AT3G13720,0.38,3.27363E-15,4.75593E-11,1
AT1G12240,0.38,4.22588E-10,6.13935E-06,1
AT5G09810,0.38,1.41611E-14,2.05732E-10,1
AT5G53560,0.37,7.42977E-16,1.0794E-11,1
AT3G27090,0.37,3.04292E-15,4.42075E-11,1
AT5G43760,0.37,5.04318E-17,7.32673E-13,1
AT5G19760,0.37,4.99973E-09,7.26361E-05,1
AT5G18520,0.37,2.18023E-09,3.16744E-05,1
AT4G08230,0.37,3.67103E-13,5.33327E-09,1
AT3G15730,0.37,5.77025E-10,8.38302E-06,1
AT4G35750,0.37,2.91313E-08,0.00042322,1
AT4G20870,0.37,3.2356E-16,4.70068E-12,1
AT4G29160,0.37,2.71392E-15,3.94279E-11,1
AT3G13320,0.37,2.65983E-12,3.8642E-08,1
AT2G36380,0.37,8.18293E-11,1.18882E-06,1
AT1G70090,0.37,2.3072E-10,3.3519E-06,1
AT5G40890,0.37,2.33042E-14,3.38563E-10,1
AT5G42860,0.37,5.26758E-10,7.65274E-06,1
AT1G22440,0.37,5.57719E-11,8.10254E-07,1
AT5G37780,0.37,3.11091E-09,4.51953E-05,1
AT5G19860,0.37,4.0659E-12,5.90694E-08,1
AT5G44340,0.37,1.38308E-10,2.00933E-06,1
AT3G04720,0.37,2.15929E-12,3.13702E-08,1
AT3G12290,0.37,3.29205E-13,4.78268E-09,1
AT3G42050,0.37,2.10015E-13,3.0511E-09,1
AT2G39960,0.37,1.31849E-12,1.91551E-08,1
AT2G30980,0.37,6.98147E-14,1.01427E-09,1
AT3G57870,0.37,3.15933E-10,4.58988E-06,1
AT3G57020,0.37,7.06289E-10,1.0261E-05,1
AT1G02500,0.37,3.78595E-10,5.50023E-06,1
AT3G59920,0.36,2.27323E-11,3.30255E-07,1
AT5G42630,0.36,6.67567E-12,9.69841E-08,1
AT1G74920,0.36,1.54277E-12,2.24133E-08,1
AT5G66800,0.36,5.02083E-08,0.000729427,1
AT5G08290,0.36,2.81362E-14,4.08763E-10,1
AT3G46000,0.36,5.71543E-12,8.30337E-08,1
AT2G29960,0.36,2.72902E-09,3.96472E-05,1
AT4G26960,0.36,2.14079E-07,0.003110144,1
AT5G53760,0.36,6.28952E-17,9.13741E-13,1
AT4G32060,0.36,8.15635E-13,1.18495E-08,1
AT5G56350,0.36,2.01904E-11,2.93326E-07,1
AT3G46060,0.36,3.89556E-12,5.65947E-08,1
AT3G09980,0.36,1.68919E-09,2.45406E-05,1
AT5G55290,0.36,2.3497E-11,3.41364E-07,1
AT5G14240,0.36,2.58094E-11,3.74959E-07,1
AT3G07480,0.36,1.0549E-11,1.53256E-07,1
AT1G57620,0.36,1.6859E-11,2.44927E-07,1
AT5G10450,0.36,3.34759E-12,4.86338E-08,1
AT4G26710,0.36,1.7369E-09,2.52338E-05,1
AT4G30850,0.36,2.2234E-12,3.23015E-08,1
AT5G24850,0.36,7.46721E-11,1.08484E-06,1
AT1G67230,0.36,2.42164E-11,3.51816E-07,1
AT4G38510,0.36,1.36952E-10,1.98963E-06,1
AT2G47170,0.35,3.23786E-08,0.000470397,1
AT1G70550,0.35,5.50421E-07,0.007996511,1
AT4G22240,0.35,7.74222E-12,1.12479E-07,1
AT1G01490,0.35,1.20113E-11,1.745E-07,1
AT5G27450,0.35,1.21405E-13,1.76377E-09,1
AT3G28710,0.35,2.61101E-12,3.79328E-08,1
AT1G19870,0.35,8.84544E-14,1.28507E-09,1
AT2G42880,0.35,1.72974E-18,2.51297E-14,1
AT3G06890,0.35,2.98295E-13,4.33364E-09,1
AT5G67590,0.35,9.86064E-10,1.43255E-05,1
AT2G25610,0.35,2.40687E-14,3.4967E-10,1
AT3G52560,0.35,2.09815E-13,3.0482E-09,1
AT5G20900,0.35,4.95373E-08,0.000719678,1
AT3G07570,0.35,1.95695E-09,2.84306E-05,1
AT1G68140,0.35,2.24806E-10,3.26599E-06,1
AT5G04160,0.35,1.3887E-11,2.0175E-07,1
AT1G50670,0.35,2.93971E-16,4.2708E-12,1
AT4G22820,0.35,2.76594E-09,4.01835E-05,1
AT1G01630,0.35,6.02386E-11,8.75147E-07,1
AT1G15210,0.35,2.17937E-11,3.16619E-07,1
AT1G65590,0.35,5.80042E-13,8.42685E-09,1
AT4G21910,0.35,1.77772E-12,2.58267E-08,1
AT4G09000,0.35,1.21614E-11,1.76681E-07,1
AT2G42590,0.35,1.80765E-14,2.62615E-10,1
AT5G15580,0.35,1.25159E-12,1.81831E-08,1
AT2G20360,0.35,3.2748E-13,4.75763E-09,1
AT1G65840,0.35,2.36087E-14,3.42987E-10,1
AT3G61070,0.35,9.07277E-13,1.31809E-08,1
AT5G65390,0.35,5.07038E-07,0.007366254,1
AT1G50430,0.35,1.35482E-11,1.96829E-07,1
AT2G05710,0.35,9.81473E-11,1.42588E-06,1
AT1G22300,0.35,1.1322E-10,1.64485E-06,1
AT3G62270,0.35,1.3449E-12,1.95388E-08,1
AT4G00570,0.35,2.2222E-11,3.22841E-07,1
AT5G39950,0.35,1.81538E-11,2.63738E-07,1
AT3G27770,0.35,4.96879E-13,7.21867E-09,1
AT3G45230,0.35,7.39726E-10,1.07467E-05,1
AT3G62830,0.35,4.7941E-08,0.000696487,1
AT4G33360,0.34,6.63702E-10,9.64227E-06,1
AT2G42500,0.34,6.48073E-14,9.41521E-10,1
AT5G13060,0.34,4.95295E-08,0.000719564,1
AT1G26670,0.34,1.01515E-14,1.47482E-10,1
AT4G23850,0.34,2.30627E-13,3.35055E-09,1
AT3G46280,0.34,4.0991E-07,0.005955176,1
AT1G14830,0.34,1.73806E-12,2.52505E-08,1
AT4G21450,0.34,7.45767E-11,1.08345E-06,1
AT5G17920,0.34,2.41186E-09,3.50395E-05,1
AT4G29130,0.34,8.13641E-10,1.18206E-05,1
AT4G30860,0.34,5.74753E-08,0.000835001,1
AT5G24530,0.34,5.67794E-10,8.24891E-06,1
AT1G29340,0.34,5.16279E-12,7.5005E-08,1
AT5G45130,0.34,5.1964E-10,7.54934E-06,1
AT4G27720,0.34,1.73584E-16,2.52183E-12,1
AT2G18960,0.34,3.69775E-10,5.37209E-06,1
AT4G31920,0.34,8.70298E-11,1.26437E-06,1
AT1G51160,0.34,9.2968E-17,1.35064E-12,1
AT3G05490,0.34,3.22277E-10,4.68203E-06,1
AT1G74790,0.34,7.56975E-13,1.09973E-08,1
AT4G12590,0.34,2.4892E-10,3.61631E-06,1
AT2G38700,0.34,4.08939E-12,5.94107E-08,1
AT1G23260,0.34,3.67267E-16,5.33565E-12,1
AT1G64330,0.34,1.7718E-13,2.57407E-09,1
AT3G51370,0.34,3.55459E-16,5.16411E-12,1
AT5G18900,0.34,1.41077E-12,2.04957E-08,1
AT5G42080,0.34,7.75335E-11,1.12641E-06,1
AT1G25490,0.33,4.30893E-12,6.26001E-08,1
AT1G09330,0.33,3.19652E-11,4.6439E-07,1
AT1G76340,0.33,1.52807E-09,2.21998E-05,1
AT3G59760,0.33,1.88794E-09,2.7428E-05,1
AT3G07580,0.33,1.85864E-14,2.70023E-10,1
AT3G12490,0.33,1.16106E-10,1.68679E-06,1
AT4G17870,0.33,1.81977E-13,2.64377E-09,1
AT3G54690,0.33,2.04609E-09,2.97256E-05,1
AT2G38740,0.33,1.75737E-10,2.5531E-06,1
AT2G03680,0.33,1.11991E-08,0.000162701,1
AT3G09840,0.33,2.18303E-09,3.17151E-05,1
AT3G03100,0.33,7.69936E-10,1.11856E-05,1
AT3G23600,0.33,1.5114E-08,0.000219576,1
AT3G03150,0.33,3.42749E-08,0.000497945,1
AT5G04750,0.33,1.59415E-10,2.31598E-06,1
AT2G25490,0.33,6.99444E-12,1.01615E-07,1
AT5G39340,0.33,9.4285E-11,1.36977E-06,1
AT5G11280,0.33,3.86886E-08,0.000562068,1
AT1G26960,0.33,6.68886E-10,9.71758E-06,1
AT2G46505,0.33,1.44798E-10,2.10363E-06,1
AT2G17380,0.33,1.2143E-11,1.76413E-07,1
AT4G27960,0.33,1.26123E-14,1.83231E-10,1
AT3G17940,0.33,1.15278E-08,0.000167476,1
AT2G32080,0.33,6.68335E-14,9.70957E-10,1
AT2G35810,0.33,2.99483E-11,4.35089E-07,1
AT1G53310,0.33,1.02522E-11,1.48944E-07,1
AT2G46000,0.33,5.3032E-11,7.70448E-07,1
AT5G06370,0.33,7.11348E-12,1.03345E-07,1
AT5G41950,0.33,2.11413E-15,3.07141E-11,1
AT2G26300,0.33,4.8637E-13,7.06599E-09,1
AT3G51550,0.33,1.00757E-13,1.4638E-09,1
AT4G33910,0.32,6.08789E-14,8.84449E-10,1
AT4G27500,0.32,3.85853E-09,5.60568E-05,1
AT3G56310,0.32,4.08487E-10,5.9345E-06,1
AT5G59070,0.32,1.99825E-11,2.90306E-07,1
AT2G44350,0.32,1.48353E-09,2.15527E-05,1
AT2G22970,0.32,1.14767E-08,0.000166733,1
AT5G66920,0.32,5.08837E-10,7.39239E-06,1
AT4G34810,0.32,2.92563E-09,4.25035E-05,1
AT2G02760,0.32,1.91188E-09,2.77758E-05,1
AT1G76550,0.32,7.34564E-12,1.06717E-07,1
AT3G02580,0.32,2.42333E-13,3.52061E-09,1
AT1G43890,0.32,9.21356E-12,1.33855E-07,1
AT5G10840,0.32,6.30945E-09,9.16637E-05,1
AT4G08520,0.32,4.97123E-08,0.000722221,1
AT5G51400,0.32,3.44304E-11,5.00204E-07,1
AT1G28580,0.32,1.66579E-11,2.42006E-07,1
AT3G17780,0.32,5.11527E-07,0.007431465,1
AT3G22845,0.32,1.18242E-10,1.71782E-06,1
AT5G63650,0.32,2.83802E-17,4.12307E-13,1
AT1G31070,0.32,3.36943E-10,4.89511E-06,1
AT3G53610,0.32,5.17368E-11,7.51632E-07,1
AT3G09740,0.32,3.91626E-12,5.68955E-08,1
AT5G35630,0.32,1.49311E-11,2.16919E-07,1
AT3G52850,0.32,1.97166E-09,2.86442E-05,1
AT5G50180,0.32,2.62681E-09,3.81623E-05,1
AT3G12320,0.32,9.35935E-10,1.35973E-05,1
AT4G25360,0.32,9.75104E-13,1.41663E-08,1
AT5G24400,0.32,5.86767E-09,8.52456E-05,1
AT4G14270,0.32,2.52273E-08,0.000366502,1
AT1G76030,0.32,1.86894E-09,2.7152E-05,1
AT5G42420,0.32,1.58362E-09,2.30069E-05,1
AT5G42890,0.32,8.18053E-13,1.18847E-08,1
AT2G33120,0.32,2.37877E-10,3.45588E-06,1
AT1G06890,0.32,2.69137E-12,3.91002E-08,1
AT5G11890,0.32,1.56946E-10,2.28011E-06,1
AT2G44310,0.32,2.17976E-08,0.000316676,1
AT1G16920,0.32,2.64359E-10,3.84061E-06,1
AT3G10850,0.32,2.23336E-11,3.24463E-07,1
AT3G08610,0.32,3.21358E-09,4.66869E-05,1
AT2G32580,0.32,1.39777E-15,2.03067E-11,1
AT3G61580,0.32,6.83228E-09,9.92593E-05,1
AT5G43040,0.32,1.9322E-10,2.8071E-06,1
AT1G07420,0.32,2.41582E-12,3.5097E-08,1
AT5G04170,0.31,8.7896E-11,1.27695E-06,1
AT3G11800,0.31,1.42462E-13,2.06968E-09,1
AT1G14400,0.31,1.38494E-12,2.01204E-08,1
AT1G36980,0.31,8.39845E-11,1.22013E-06,1
AT2G45200,0.31,8.15062E-11,1.18412E-06,1
AT3G24750,0.31,1.2148E-09,1.76486E-05,1
AT2G29020,0.31,2.17542E-08,0.000316045,1
AT4G14550,0.31,2.00375E-09,2.91104E-05,1
AT4G02370,0.31,1.21341E-13,1.76285E-09,1
AT5G16510,0.31,2.887E-09,4.19424E-05,1
AT3G05200,0.31,1.21659E-07,0.001767465,1
AT3G12260,0.31,4.91972E-10,7.14736E-06,1
AT1G02360,0.31,1.05472E-10,1.5323E-06,1
AT5G37740,0.31,1.07774E-10,1.56575E-06,1
AT2G23310,0.31,8.85976E-11,1.28715E-06,1
AT3G54110,0.31,7.61693E-09,0.000110659,1
AT4G34160,0.31,4.51094E-13,6.55349E-09,1
AT2G01470,0.31,1.04151E-08,0.000151311,1
AT3G07470,0.31,1.00023E-08,0.000145313,1
AT2G39780,0.31,1.00721E-11,1.46328E-07,1
AT2G01970,0.31,2.01898E-11,2.93318E-07,1
AT4G39080,0.31,1.56216E-10,2.2695E-06,1
AT1G32050,0.31,2.98548E-09,4.33731E-05,1
AT1G09270,0.31,1.75254E-10,2.54609E-06,1
AT3G29350,0.31,1.59385E-13,2.31555E-09,1
AT2G31200,0.31,2.42987E-08,0.000353012,1
AT3G57340,0.31,9.28024E-12,1.34823E-07,1
AT2G46225,0.31,3.76374E-14,5.46796E-10,1
AT4G28770,0.31,5.81284E-11,8.44489E-07,1
AT4G16140,0.31,1.97192E-07,0.002864811,1
AT5G47780,0.31,1.33462E-11,1.93894E-07,1
AT2G47380,0.31,8.87583E-10,1.28948E-05,1
AT5G28840,0.31,6.74216E-11,9.79501E-07,1
AT5G45100,0.31,2.17189E-07,0.003155323,1
AT2G40620,0.31,2.46031E-11,3.57434E-07,1
AT3G21865,0.31,4.04584E-10,5.87779E-06,1
AT5G11860,0.30,4.21066E-12,6.11725E-08,1
AT1G01300,0.30,4.74136E-07,0.006888253,1
AT3G60600,0.30,1.04453E-08,0.00015175,1
AT4G38220,0.30,3.78568E-10,5.49983E-06,1
AT3G18820,0.30,4.40104E-09,6.39383E-05,1
AT4G30996,0.30,6.67044E-10,9.69082E-06,1
AT4G24805,0.30,9.60863E-08,0.001395941,1
AT1G47420,0.30,1.38529E-10,2.01255E-06,1
AT5G18460,0.30,1.9978E-07,0.002902405,1
AT3G20590,0.30,5.41385E-11,7.86525E-07,1
AT4G15790,0.30,2.83118E-09,4.11314E-05,1
AT5G54470,0.30,3.38982E-09,4.92473E-05,1
AT1G16180,0.30,3.92857E-09,5.70743E-05,1
AT1G49300,0.30,3.55028E-13,5.15784E-09,1
AT5G04740,0.30,2.23519E-11,3.24729E-07,1
AT3G20790,0.30,2.9568E-11,4.29564E-07,1
AT4G32285,0.30,1.33415E-10,1.93825E-06,1
AT5G57330,0.30,1.70495E-10,2.47694E-06,1
AT5G46630,0.30,1.03055E-16,1.49718E-12,1
AT5G63800,0.30,1.3651E-07,0.001983214,1
AT2G46780,0.30,3.15194E-09,4.57914E-05,1
AT4G31480,0.30,8.28522E-09,0.000120368,1
AT4G28220,0.30,7.42632E-12,1.0789E-07,1
AT5G35730,0.30,8.17456E-12,1.1876E-07,1
AT3G25040,0.30,3.74907E-10,5.44665E-06,1
AT5G49540,0.30,1.14475E-08,0.000166309,1
AT2G21970,0.30,2.38774E-10,3.4689E-06,1
AT1G75630,0.30,4.93306E-07,0.007166746,1
AT2G03120,0.30,1.29057E-07,0.001874933,1
AT1G80460,0.30,1.57064E-08,0.000228182,1
AT2G44500,0.30,3.12249E-08,0.000453636,1
AT3G07810,0.30,1.962E-11,2.8504E-07,1
AT5G25265,0.30,1.17158E-12,1.70207E-08,1
AT3G17820,0.30,1.35724E-09,1.97179E-05,1
AT3G02180,0.30,1.22245E-08,0.000177598,1
AT3G61430,0.30,3.6095E-07,0.005243875,1
AT5G08160,0.30,9.25677E-09,0.000134482,1
AT4G00710,0.30,4.10558E-08,0.000596458,1
AT5G20500,0.30,5.75268E-08,0.00083575,1
AT2G15570,0.29,2.44404E-10,3.55071E-06,1
AT4G35830,0.29,2.80275E-09,4.07184E-05,1
AT4G16190,0.29,1.06774E-08,0.000155121,1
AT3G24300,0.29,9.2059E-11,1.33743E-06,1
AT2G44740,0.29,9.84282E-10,1.42996E-05,1
AT2G40380,0.29,7.29886E-11,1.06038E-06,1
AT4G39390,0.29,1.29409E-07,0.001880049,1
AT5G43700,0.29,5.81614E-08,0.000844968,1
AT4G39820,0.29,1.39205E-14,2.02237E-10,1
AT4G16670,0.29,1.55485E-08,0.000225889,1
AT3G02880,0.29,3.33815E-11,4.84966E-07,1
AT4G12420,0.29,7.69017E-08,0.001117228,1
AT5G26940,0.29,2.4819E-11,3.6057E-07,1
AT1G74690,0.29,9.75892E-09,0.000141778,1
AT4G24330,0.29,2.08925E-07,0.003035269,1
AT3G05280,0.29,4.35643E-12,6.32902E-08,1
AT5G57700,0.29,2.02949E-14,2.94845E-10,1
AT3G55360,0.29,2.66174E-08,0.000386698,1
AT3G04830,0.29,8.09349E-10,1.17582E-05,1
AT4G26940,0.29,2.54272E-14,3.69406E-10,1
AT3G05900,0.29,2.46079E-09,3.57504E-05,1
AT1G75000,0.29,4.51127E-07,0.006553971,1
AT2G20930,0.29,1.74741E-10,2.53863E-06,1
AT1G57680,0.29,8.5193E-13,1.23768E-08,1
AT4G14030,0.29,2.35424E-07,0.003420233,1
AT4G39730,0.29,7.74997E-09,0.000112592,1
AT3G17240,0.29,2.22783E-08,0.000323659,1
AT4G24820,0.29,5.72835E-09,8.32215E-05,1
AT1G79340,0.29,3.58344E-08,0.000520602,1
AT5G53310,0.29,3.33816E-11,4.84968E-07,1
AT5G20550,0.29,7.93372E-13,1.15261E-08,1
AT4G01000,0.29,4.41983E-11,6.42113E-07,1
AT1G52340,0.29,3.31651E-08,0.000481823,1
AT1G32790,0.29,3.24578E-17,4.71546E-13,1
AT2G29430,0.29,9.50847E-11,1.38139E-06,1
AT2G17130,0.29,3.01149E-10,4.37509E-06,1
AT5G07470,0.29,1.9366E-09,2.8135E-05,1
AT5G67070,0.29,2.92408E-08,0.000424811,1
AT5G08530,0.29,1.16352E-07,0.001690362,1
AT3G51160,0.29,5.94212E-07,0.008632717,1
AT3G17090,0.29,5.33721E-11,7.7539E-07,1
AT4G21580,0.29,2.00696E-08,0.000291571,1
AT5G47060,0.29,4.36572E-08,0.000634252,1
AT5G47370,0.28,1.10849E-07,0.001610413,1
AT3G58500,0.28,5.69697E-08,0.000827656,1
AT5G50000,0.28,3.06164E-09,4.44795E-05,1
AT5G59420,0.28,1.50715E-09,2.18959E-05,1
AT4G32130,0.28,6.83076E-10,9.92373E-06,1
AT3G09470,0.28,1.90111E-14,2.76193E-10,1
AT5G54100,0.28,3.46416E-10,5.03274E-06,1
AT1G70330,0.28,8.27347E-09,0.000120197,1
AT3G11590,0.28,2.2718E-11,3.30047E-07,1
AT1G67030,0.28,4.14575E-11,6.02295E-07,1
AT2G17120,0.28,2.7142E-12,3.94319E-08,1
AT1G26850,0.28,4.39323E-09,6.38249E-05,1
AT5G08670,0.28,6.9485E-08,0.001009479,1
AT5G44210,0.28,6.09976E-09,8.86173E-05,1
AT1G30690,0.28,1.30555E-07,0.001896702,1
AT3G14430,0.28,1.67289E-09,2.43037E-05,1
AT1G03410,0.28,3.07679E-09,4.46997E-05,1
AT1G80500,0.28,7.56622E-08,0.00109922,1
AT5G40650,0.28,7.81193E-09,0.000113492,1
AT1G60780,0.28,8.69662E-09,0.000126344,1
AT2G07050,0.28,1.10986E-08,0.00016124,1
AT4G20890,0.28,1.40755E-08,0.000204488,1
AT2G36300,0.28,5.68856E-10,8.26434E-06,1
AT1G02430,0.28,1.91925E-08,0.000278828,1
AT1G04690,0.28,2.23815E-08,0.000325158,1
AT5G59880,0.28,5.88143E-07,0.008544547,1
AT1G13280,0.28,4.43396E-08,0.000644165,1
AT2G29390,0.28,9.92525E-13,1.44194E-08,1
AT2G04900,0.28,2.84774E-07,0.004137202,1
AT3G57950,0.28,1.1371E-07,0.001651981,1
AT1G65985,0.28,2.61933E-11,3.80536E-07,1
AT2G39130,0.28,1.46644E-09,2.13044E-05,1
AT1G54320,0.28,5.92155E-10,8.60283E-06,1
AT1G69460,0.28,4.00339E-08,0.000581613,1
AT4G38430,0.28,2.37609E-08,0.000345198,1
AT5G25170,0.28,7.31063E-08,0.001062088,1
AT1G77200,0.28,2.95397E-07,0.004291533,1
AT3G19420,0.28,2.29162E-10,3.32926E-06,1
AT3G44100,0.28,2.72246E-08,0.00039552,1
AT5G13440,0.28,2.75608E-10,4.00403E-06,1
AT3G46720,0.28,7.45259E-10,1.08271E-05,1
AT1G21080,0.28,2.24194E-12,3.25709E-08,1
AT4G22530,0.28,2.31811E-07,0.003367751,1
AT2G20990,0.28,3.61629E-10,5.25375E-06,1
AT4G13050,0.28,9.65503E-11,1.40268E-06,1
AT1G25450,0.28,1.23807E-10,1.79866E-06,1
AT1G48620,0.28,7.67602E-08,0.001115172,1
AT4G10140,0.28,2.10676E-12,3.06071E-08,1
AT1G33990,0.28,1.42841E-11,2.07519E-07,1
AT2G35190,0.28,4.39331E-08,0.000638261,1
AT5G45750,0.28,1.26071E-08,0.000183156,1
AT4G35260,0.28,3.97354E-07,0.005772757,1
AT1G76560,0.28,5.79074E-08,0.000841279,1
AT1G33230,0.27,1.77262E-10,2.57527E-06,1
AT3G54680,0.27,2.69059E-10,3.90889E-06,1
AT1G33240,0.27,6.52697E-09,9.48238E-05,1
AT5G20000,0.27,5.31E-10,7.71436E-06,1
AT2G45310,0.27,8.24151E-08,0.001197327,1
AT5G66675,0.27,4.40879E-10,6.40509E-06,1
AT5G49100,0.27,1.18897E-10,1.72734E-06,1
AT1G70850,0.27,3.14234E-07,0.004565195,1
AT5G53140,0.27,2.69473E-08,0.00039149,1
AT2G29125,0.27,2.376E-07,0.003451857,1
AT4G33640,0.27,2.12458E-08,0.000308659,1
AT3G09820,0.27,2.48229E-08,0.000360628,1
AT5G62690,0.27,1.24679E-10,1.81133E-06,1
AT3G07950,0.27,1.64334E-09,2.38745E-05,1
AT3G24100,0.27,2.21169E-07,0.003213136,1
AT1G74910,0.27,3.10526E-08,0.000451132,1
AT2G20840,0.27,4.30991E-10,6.26144E-06,1
AT2G40060,0.27,1.19194E-07,0.001731655,1
AT5G01800,0.27,1.26507E-11,1.83789E-07,1
AT4G30080,0.27,1.66642E-07,0.002420979,1
AT5G12480,0.27,8.54972E-08,0.001242104,1
AT3G24350,0.27,8.05718E-10,1.17055E-05,1
AT5G03040,0.27,1.5017E-11,2.18168E-07,1
AT5G55630,0.27,1.4447E-12,2.09886E-08,1
AT1G53500,0.27,1.70493E-07,0.002476924,1
AT4G14750,0.27,4.13572E-09,6.00837E-05,1
AT1G10290,0.27,8.81457E-11,1.28058E-06,1
AT4G29810,0.27,7.98419E-11,1.15994E-06,1
AT5G16730,0.27,1.33693E-08,0.00019423,1
AT5G65480,0.27,1.83755E-12,2.66959E-08,1
AT2G45010,0.27,1.0161E-10,1.47619E-06,1
AT4G24520,0.27,2.55765E-08,0.000371575,1
AT1G12500,0.27,4.18831E-10,6.08477E-06,1
AT3G20130,0.27,2.00951E-09,2.91942E-05,1
AT2G41380,0.27,6.17766E-07,0.008974903,1
AT4G39050,0.26,1.09301E-07,0.001587925,1
AT4G02580,0.26,9.8101E-08,0.001425211,1
AT1G13970,0.26,2.78479E-07,0.004045748,1
AT3G22440,0.26,1.07084E-08,0.000155572,1
AT5G09900,0.26,1.2167E-08,0.000176762,1
AT5G07220,0.26,2.44918E-07,0.003558174,1
AT4G04210,0.26,5.05978E-07,0.007350853,1
AT1G22910,0.26,4.03874E-13,5.86748E-09,1
AT3G07460,0.26,6.9816E-09,0.000101429,1
AT4G38040,0.26,1.44785E-13,2.10343E-09,1
AT1G16890,0.26,1.74606E-11,2.53668E-07,1
AT1G07960,0.26,3.66754E-09,5.3282E-05,1
AT1G09740,0.26,7.88828E-08,0.001146009,1
AT5G20950,0.26,1.51865E-07,0.002206297,1
AT5G19290,0.26,8.07995E-08,0.001173855,1
AT2G43940,0.26,1.1331E-12,1.64616E-08,1
AT1G17290,0.26,1.93262E-09,2.80771E-05,1
AT4G34180,0.26,5.75752E-07,0.008364526,1
AT2G37250,0.26,2.51269E-07,0.003650432,1
AT1G08820,0.26,7.07313E-11,1.02758E-06,1
AT3G48360,0.26,1.60814E-09,2.3363E-05,1
AT4G29270,0.26,1.95868E-08,0.000284557,1
AT2G44160,0.26,6.47386E-09,9.40522E-05,1
AT5G27920,0.26,1.11957E-09,1.62651E-05,1
AT1G19130,0.26,9.36354E-09,0.000136033,1
AT1G50640,0.26,5.75092E-08,0.000835493,1
AT1G75540,0.26,7.25759E-08,0.001054383,1
AT1G09645,0.26,1.09339E-10,1.58848E-06,1
AT2G47000,0.26,4.98165E-08,0.000723734,1
AT4G39220,0.26,3.27868E-08,0.000476327,1
AT5G11260,0.26,2.18247E-08,0.000317069,1
AT5G44582,0.26,3.8431E-07,0.005583255,1
AT5G07370,0.26,8.12033E-12,1.17972E-07,1
AT1G73160,0.26,1.22458E-11,1.77907E-07,1
AT2G24170,0.26,5.32325E-07,0.007733619,1
AT2G32520,0.26,2.0098E-08,0.000291983,1
AT3G62660,0.26,6.62075E-08,0.000961862,1
AT5G66460,0.26,1.35262E-07,0.00196508,1
AT4G20150,0.26,3.72056E-09,5.40523E-05,1
AT1G63690,0.26,3.6811E-12,5.3479E-08,1
AT3G04880,0.26,1.88737E-12,2.74196E-08,1
AT3G28715,0.26,2.70683E-08,0.000393248,1
AT3G14790,0.26,7.78161E-10,1.13051E-05,1
AT4G18930,0.26,9.97608E-08,0.001449325,1
AT1G32400,0.26,8.66088E-12,1.25825E-07,1
AT3G18430,0.26,1.32086E-10,1.91895E-06,1
AT5G19190,0.26,1.37872E-09,2.00301E-05,1
AT1G69850,0.26,9.24811E-12,1.34357E-07,1
AT3G15710,0.26,7.65603E-11,1.11227E-06,1
AT1G09920,0.26,5.89832E-10,8.56908E-06,1
AT4G32330,0.26,6.25165E-09,9.0824E-05,1
AT2G42210,0.25,3.28247E-07,0.004768776,1
AT2G47460,0.25,2.00124E-07,0.002907408,1
AT1G12110,0.25,9.68666E-10,1.40728E-05,1
AT2G24765,0.25,5.02016E-07,0.007293286,1
AT5G52210,0.25,9.13761E-13,1.32751E-08,1
AT5G05950,0.25,2.76305E-13,4.01416E-09,1
AT3G13870,0.25,1.19554E-08,0.000173688,1
AT5G62920,0.25,6.52188E-08,0.000947498,1
AT5G03080,0.25,2.27138E-07,0.003299855,1
AT5G49830,0.25,8.1727E-10,1.18733E-05,1
AT5G62530,0.25,6.50727E-07,0.009453759,1
AT1G59610,0.25,1.56415E-10,2.2724E-06,1
AT3G08890,0.25,3.22967E-11,4.69207E-07,1
AT1G09970,0.25,1.00349E-08,0.000145787,1
AT1G06700,0.25,3.4897E-09,5.06983E-05,1
AT3G19400,0.25,7.16947E-10,1.04158E-05,1
AT1G70000,0.25,1.12377E-07,0.001632607,1
AT3G01340,0.25,1.62794E-08,0.000236507,1
AT5G02420,0.25,5.63636E-07,0.008188497,1
AT2G02390,0.25,2.14312E-12,3.11353E-08,1
AT1G27000,0.25,9.45826E-11,1.3741E-06,1
AT5G55610,0.25,8.22637E-09,0.000119513,1
AT3G23830,1.37,1.90923E-52,2.77373E-48,2
AT4G25630,1.37,1.131E-38,1.64312E-34,2
AT3G44750,1.29,4.89131E-46,7.1061E-42,2
AT4G12600,1.27,3.71667E-49,5.39958E-45,2
AT2G30860,1.23,9.20555E-09,0.000133738,2
AT1G48920,1.21,8.12362E-40,1.1802E-35,2
AT2G20490,1.20,7.69415E-46,1.11781E-41,2
AT3G03920,1.09,3.83975E-43,5.57839E-39,2
AT3G57150,1.08,4.91519E-38,7.1408E-34,2
AT5G20160,0.99,3.07554E-36,4.46815E-32,2
AT5G27120,0.98,3.22739E-32,4.68875E-28,2
AT3G56070,0.96,7.05613E-42,1.02511E-37,2
AT3G15357,0.96,1.11639E-37,1.62189E-33,2
AT5G52470,0.94,4.22564E-36,6.13901E-32,2
AT5G22650,0.93,4.38363E-40,6.36853E-36,2
AT2G44860,0.89,3.42543E-37,4.97646E-33,2
AT5G08180,0.89,5.98532E-40,8.69548E-36,2
AT1G74560,0.88,9.43876E-35,1.37126E-30,2
AT1G52930,0.87,1.53426E-33,2.22898E-29,2
AT1G56110,0.86,1.46304E-31,2.1255E-27,2
AT5G62190,0.86,2.11156E-29,3.06767E-25,2
AT1G02870,0.82,1.16055E-38,1.68605E-34,2
AT3G15000,0.81,9.5826E-33,1.39216E-28,2
AT1G25260,0.81,6.61912E-29,9.61626E-25,2
AT4G15910,0.80,1.07074E-22,1.55557E-18,2
AT3G05060,0.79,1.89378E-31,2.75129E-27,2
AT4G13850,0.78,4.72283E-23,6.86133E-19,2
AT4G15770,0.77,4.98564E-34,7.24314E-30,2
AT4G10450,0.77,2.52737E-30,3.67176E-26,2
AT5G57120,0.74,2.35084E-33,3.41529E-29,2
AT2G37600,0.74,1.73966E-30,2.52738E-26,2
AT5G04600,0.73,3.0239E-34,4.39312E-30,2
AT5G62440,0.73,4.0314E-28,5.85681E-24,2
AT2G42740,0.72,2.77197E-27,4.02712E-23,2
AT2G11910,0.72,6.89788E-34,1.00212E-29,2
AT2G27840,0.72,7.80934E-24,1.13454E-19,2
AT4G26110,0.70,1.32768E-26,1.92886E-22,2
AT4G13170,0.67,3.56602E-31,5.18071E-27,2
AT3G62530,0.67,1.46477E-27,2.12801E-23,2
AT1G29250,0.67,1.89028E-26,2.74621E-22,2
AT2G35605,0.66,8.20062E-24,1.19139E-19,2
AT4G32720,0.66,4.75379E-25,6.9063E-21,2
AT4G25340,0.65,5.9864E-22,8.69704E-18,2
AT5G06360,0.64,2.47224E-25,3.59167E-21,2
AT2G28790,0.64,1.6149E-16,2.34613E-12,2
AT3G02790,0.64,4.8445E-19,7.03809E-15,2
AT1G20220,0.64,1.07351E-26,1.5596E-22,2
AT3G44590,0.63,4.90528E-23,7.12639E-19,2
AT5G61130,0.63,2.18411E-24,3.17307E-20,2
AT1G22270,0.62,1.02256E-25,1.48557E-21,2
AT5G02050,0.62,3.39416E-21,4.93103E-17,2
AT5G20720,0.62,3.47181E-23,5.04384E-19,2
AT3G18130,0.61,2.48072E-21,3.60399E-17,2
AT4G30800,0.61,2.72289E-23,3.95582E-19,2
AT5G14520,0.61,1.21426E-22,1.76408E-18,2
AT2G40360,0.60,4.40834E-21,6.40444E-17,2
AT1G32580,0.60,2.21237E-25,3.21413E-21,2
AT1G79150,0.60,9.18542E-25,1.33446E-20,2
AT1G27400,0.60,1.52479E-33,2.21521E-29,2
AT3G22230,0.59,2.4541E-27,3.56531E-23,2
AT1G07830,0.58,1.16063E-25,1.68617E-21,2
AT3G23620,0.58,1.37112E-25,1.99196E-21,2
AT5G60670,0.57,5.46375E-25,7.93774E-21,2
AT5G47210,0.57,3.59075E-23,5.21664E-19,2
AT1G61570,0.57,1.17809E-21,1.71154E-17,2
AT3G10090,0.57,2.74147E-21,3.98281E-17,2
AT3G22660,0.57,1.75698E-19,2.55254E-15,2
AT4G25730,0.57,8.98345E-18,1.30512E-13,2
AT3G58700,0.56,3.03243E-23,4.40551E-19,2
AT1G23280,0.56,5.72112E-21,8.31165E-17,2
AT5G48760,0.56,6.39323E-26,9.28808E-22,2
AT5G61030,0.56,1.01697E-19,1.47745E-15,2
AT3G18600,0.56,3.98508E-21,5.78952E-17,2
AT1G23410,0.56,3.26697E-18,4.74626E-14,2
AT3G15240,0.55,2.04083E-20,2.96492E-16,2
AT1G80750,0.55,5.91177E-19,8.58861E-15,2
AT3G10610,0.55,2.84308E-22,4.13043E-18,2
AT1G15250,0.55,1.68264E-20,2.44455E-16,2
AT4G30220,0.54,8.08042E-19,1.17392E-14,2
AT4G29410,0.54,4.23256E-32,6.14906E-28,2
AT2G09990,0.54,5.1723E-27,7.51432E-23,2
AT2G19750,0.54,1.51675E-19,2.20354E-15,2
AT5G50810,0.54,8.93688E-19,1.29835E-14,2
AT4G32520,0.54,1.85762E-25,2.69876E-21,2
AT1G11475,0.54,2.84223E-21,4.1292E-17,2
AT3G16080,0.53,1.45503E-23,2.11387E-19,2
AT1G15420,0.53,1.59707E-18,2.32022E-14,2
AT2G43650,0.53,4.50574E-21,6.54594E-17,2
AT4G36130,0.53,7.02982E-22,1.02129E-17,2
AT2G28000,0.53,2.02321E-14,2.93932E-10,2
AT2G15000,0.53,4.04149E-18,5.87148E-14,2
AT1G08580,0.53,5.89921E-18,8.57038E-14,2
AT1G73230,0.53,1.19286E-30,1.73299E-26,2
AT5G15750,0.53,4.17745E-20,6.069E-16,2
AT1G11580,0.52,1.35347E-17,1.96632E-13,2
AT2G40510,0.52,1.82566E-15,2.65231E-11,2
AT1G50920,0.52,6.91089E-16,1.00401E-11,2
AT5G09770,0.52,5.30718E-18,7.71027E-14,2
AT4G20020,0.51,9.35252E-24,1.35873E-19,2
AT4G17520,0.51,2.59782E-20,3.77411E-16,2
AT1G30880,0.51,1.78671E-19,2.59574E-15,2
AT5G23740,0.51,1.22699E-30,1.78257E-26,2
AT1G69526,0.51,1.07424E-14,1.56065E-10,2
AT4G26840,0.51,7.97475E-22,1.15857E-17,2
AT4G38100,0.51,3.27951E-18,4.76447E-14,2
AT5G45775,0.51,5.07135E-19,7.36765E-15,2
AT3G07050,0.50,6.86583E-17,9.97468E-13,2
AT1G77940,0.50,2.80689E-20,4.07785E-16,2
AT5G06210,0.50,2.834E-20,4.11724E-16,2
AT1G64220,0.50,1.13525E-22,1.64929E-18,2
AT3G04770,0.50,1.21702E-18,1.76809E-14,2
AT3G23990,0.50,2.42016E-13,3.51602E-09,2
AT3G02080,0.50,5.90153E-24,8.57374E-20,2
AT3G45030,0.50,1.97108E-23,2.86359E-19,2
AT5G15520,0.50,6.31342E-18,9.17213E-14,2
AT5G39850,0.50,4.79581E-12,6.96736E-08,2
AT3G59670,0.49,3.3893E-19,4.92398E-15,2
AT2G39390,0.49,9.31228E-23,1.35289E-18,2
AT2G23930,0.49,6.38335E-18,9.27373E-14,2
AT1G04870,0.49,2.58898E-16,3.76127E-12,2
AT2G37190,0.49,4.83207E-30,7.02003E-26,2
AT2G12646,0.49,2.25749E-16,3.27968E-12,2
AT1G71260,0.49,5.26055E-21,7.64252E-17,2
AT3G51800,0.49,1.96808E-20,2.85923E-16,2
AT4G09320,0.49,1.80678E-13,2.6249E-09,2
AT3G30350,0.49,4.55091E-26,6.61156E-22,2
AT1G69620,0.49,3.89089E-23,5.65269E-19,2
AT3G55170,0.49,7.98244E-17,1.15969E-12,2
AT3G09200,0.48,1.0307E-18,1.4974E-14,2
AT2G37410,0.48,2.0896E-18,3.03577E-14,2
AT5G15200,0.48,9.43144E-32,1.3702E-27,2
AT3G61110,0.48,1.22043E-22,1.77305E-18,2
AT3G58610,0.48,2.51103E-13,3.64803E-09,2
AT5G27770,0.48,2.09878E-19,3.04911E-15,2
AT2G35240,0.48,7.9551E-17,1.15572E-12,2
AT1G23100,0.47,7.32123E-18,1.06363E-13,2
AT1G65030,0.47,1.55607E-18,2.26067E-14,2
AT2G20450,0.47,1.47152E-18,2.13782E-14,2
AT1G72040,0.47,5.26443E-27,7.64816E-23,2
AT3G46040,0.47,3.30468E-19,4.80104E-15,2
AT2G23050,0.47,2.77604E-21,4.03303E-17,2
AT4G24770,0.47,1.83407E-17,2.66453E-13,2
AT2G19740,0.47,3.6848E-18,5.35328E-14,2
AT5G15550,0.47,1.94282E-17,2.82253E-13,2
AT1G08360,0.47,7.55675E-23,1.09784E-18,2
AT1G07070,0.47,2.13207E-14,3.09747E-10,2
AT3G06680,0.47,3.26591E-14,4.74471E-10,2
AT1G18800,0.47,3.36847E-17,4.89371E-13,2
AT3G43980,0.47,2.5992E-15,3.77612E-11,2
AT5G02610,0.47,3.17288E-19,4.60956E-15,2
AT2G25210,0.47,1.59558E-15,2.31806E-11,2
AT1G57860,0.47,6.19998E-19,9.00733E-15,2
AT1G17880,0.46,1.79773E-23,2.61174E-19,2
AT3G52580,0.46,6.78882E-19,9.8628E-15,2
AT5G47700,0.46,1.49634E-17,2.17389E-13,2
AT5G27850,0.46,2.98045E-23,4.33E-19,2
AT4G10480,0.46,1.05106E-16,1.52698E-12,2
AT4G22380,0.46,2.71564E-13,3.94528E-09,2
AT3G62870,0.46,1.65356E-30,2.40228E-26,2
AT3G53740,0.46,2.34491E-25,3.40669E-21,2
AT3G07770,0.46,1.8018E-14,2.61765E-10,2
AT1G28395,0.46,5.60955E-17,8.14956E-13,2
AT2G44120,0.46,7.5599E-20,1.0983E-15,2
AT3G05560,0.46,2.00217E-20,2.90875E-16,2
AT5G64080,0.46,1.9067E-25,2.77006E-21,2
AT4G39300,0.45,2.45752E-14,3.57028E-10,2
AT4G25890,0.45,2.40839E-15,3.49891E-11,2
AT3G20000,0.45,1.55956E-17,2.26572E-13,2
AT1G43170,0.45,4.35185E-18,6.32237E-14,2
AT1G70310,0.45,2.21834E-15,3.22281E-11,2
AT3G09500,0.45,5.95373E-28,8.64958E-24,2
AT1G23820,0.45,2.75038E-17,3.99576E-13,2
AT3G23390,0.45,7.45263E-16,1.08272E-11,2
AT3G24080,0.45,3.54199E-12,5.14581E-08,2
AT2G36930,0.45,2.56212E-12,3.72225E-08,2
AT3G07110,0.45,2.42867E-18,3.52838E-14,2
AT5G16130,0.45,3.27287E-25,4.75483E-21,2
AT3G53460,0.45,1.29986E-16,1.88844E-12,2
AT4G16141,0.45,6.46754E-12,9.39605E-08,2
AT4G26230,0.45,2.08757E-21,3.03283E-17,2
AT4G25740,0.45,4.76143E-21,6.9174E-17,2
AT1G23290,0.44,4.74992E-16,6.90068E-12,2
AT3G24830,0.44,6.2856E-25,9.13172E-21,2
AT5G08620,0.44,4.68698E-17,6.80925E-13,2
AT5G23900,0.44,3.66405E-15,5.32313E-11,2
AT5G46430,0.44,9.8094E-30,1.42511E-25,2
AT3G57000,0.44,3.04241E-18,4.42001E-14,2
AT2G19730,0.44,1.64769E-19,2.39377E-15,2
AT4G17390,0.44,3.31241E-18,4.81228E-14,2
AT1G13380,0.44,4.81135E-17,6.98993E-13,2
AT2G37270,0.44,4.40118E-22,6.39404E-18,2
AT3G18740,0.44,3.80775E-23,5.5319E-19,2
AT4G02230,0.44,1.1286E-19,1.63963E-15,2
AT3G52590,0.43,5.58672E-21,8.11638E-17,2
AT2G36160,0.43,2.33906E-23,3.39819E-19,2
AT3G49010,0.43,6.05806E-33,8.80115E-29,2
AT3G01790,0.43,4.89219E-14,7.10738E-10,2
AT5G18380,0.43,1.43747E-25,2.08836E-21,2
AT2G31410,0.43,7.08356E-14,1.0291E-09,2
AT5G67510,0.43,7.50093E-18,1.08973E-13,2
AT4G09800,0.43,1.1411E-16,1.6578E-12,2
AT1G09690,0.43,3.6017E-24,5.23254E-20,2
AT2G43780,0.43,3.46149E-11,5.02885E-07,2
AT5G58590,0.43,3.0961E-15,4.49802E-11,2
AT1G60640,0.43,5.94638E-17,8.6389E-13,2
AT1G31970,0.43,1.87228E-13,2.72005E-09,2
AT4G37090,0.42,5.08816E-13,7.39208E-09,2
AT2G18020,0.42,8.68194E-24,1.26131E-19,2
AT5G07090,0.42,6.29156E-25,9.14037E-21,2
AT5G64680,0.42,2.18068E-14,3.1681E-10,2
AT2G41650,0.42,5.15557E-17,7.49001E-13,2
AT5G39740,0.42,8.60642E-21,1.25034E-16,2
AT2G29540,0.42,6.52967E-15,9.48631E-11,2
AT3G12860,0.42,1.83969E-16,2.6727E-12,2
AT1G57660,0.41,2.59802E-22,3.77441E-18,2
AT1G26740,0.41,5.69878E-15,8.27919E-11,2
AT5G27330,0.41,7.36084E-14,1.06938E-09,2
AT1G76300,0.41,5.0616E-15,7.3535E-11,2
AT3G46210,0.41,5.79203E-18,8.41466E-14,2
AT2G27775,0.41,7.00915E-14,1.01829E-09,2
AT3G23940,0.41,4.53485E-13,6.58823E-09,2
AT1G14810,0.41,7.62715E-11,1.10807E-06,2
AT4G16630,0.41,6.80565E-17,9.88725E-13,2
AT5G20290,0.41,7.28207E-32,1.05794E-27,2
AT5G12410,0.41,1.55161E-14,2.25418E-10,2
AT5G09510,0.41,4.40119E-19,6.39405E-15,2
AT2G45860,0.41,7.56246E-15,1.09867E-10,2
AT1G15930,0.41,1.60173E-23,2.327E-19,2
AT2G47110,0.41,1.01532E-21,1.47506E-17,2
AT3G49910,0.41,2.27374E-27,3.30329E-23,2
AT1G48630,0.41,8.55066E-14,1.24224E-09,2
AT4G18730,0.40,1.8939E-14,2.75146E-10,2
AT1G15500,0.40,2.60648E-10,3.7867E-06,2
AT4G33865,0.40,1.89127E-14,2.74764E-10,2
AT2G32060,0.40,1.66159E-16,2.41395E-12,2
AT2G28600,0.40,5.69435E-17,8.27276E-13,2
AT3G56020,0.40,1.20302E-11,1.74775E-07,2
AT5G27700,0.40,3.93914E-18,5.72278E-14,2
AT1G63780,0.40,2.2711E-13,3.29945E-09,2
AT5G22440,0.40,9.50029E-16,1.3802E-11,2
AT4G16720,0.40,1.34495E-27,1.95395E-23,2
AT4G34555,0.40,3.18704E-12,4.63014E-08,2
AT2G01250,0.40,6.84819E-27,9.94905E-23,2
AT2G19540,0.40,2.82602E-14,4.10564E-10,2
AT5G06110,0.40,2.17208E-12,3.1556E-08,2
AT1G14060,0.40,1.36683E-11,1.98573E-07,2
AT1G16350,0.40,8.7951E-15,1.27775E-10,2
AT2G34480,0.40,1.72181E-28,2.50145E-24,2
AT1G63980,0.40,5.34213E-13,7.76105E-09,2
AT5G52820,0.40,9.96922E-14,1.44833E-09,2
AT5G05210,0.40,2.62141E-12,3.80839E-08,2
AT3G05590,0.40,1.3999E-20,2.03377E-16,2
AT3G56340,0.39,4.66987E-23,6.78439E-19,2
AT3G07750,0.39,1.15977E-18,1.68492E-14,2
AT5G03740,0.39,7.03219E-13,1.02164E-08,2
AT4G00620,0.39,1.22681E-16,1.78231E-12,2
AT5G59850,0.39,1.25341E-18,1.82095E-14,2
AT2G03830,0.39,3.94091E-13,5.72536E-09,2
AT2G21580,0.39,2.12931E-16,3.09346E-12,2
AT5G04800,0.39,7.82038E-17,1.13614E-12,2
AT3G60245,0.39,1.22078E-13,1.77355E-09,2
AT4G14320,0.39,3.58121E-21,5.20278E-17,2
AT2G37220,0.39,4.00681E-11,5.82109E-07,2
AT5G25900,0.39,7.63242E-13,1.10884E-08,2
AT3G62250,0.39,5.92533E-22,8.60831E-18,2
AT1G63660,0.39,3.1749E-09,4.61249E-05,2
AT5G14000,0.39,4.60625E-08,0.000669196,2
AT4G29510,0.39,4.82886E-15,7.01537E-11,2
AT1G52300,0.39,8.31474E-21,1.20797E-16,2
AT1G74270,0.39,4.80553E-14,6.98147E-10,2
AT3G04920,0.39,1.45869E-16,2.11918E-12,2
AT4G27380,0.39,1.69495E-14,2.46242E-10,2
AT1G18540,0.39,5.52005E-21,8.01953E-17,2
AT2G43110,0.39,1.07091E-10,1.55582E-06,2
AT3G11120,0.39,1.11318E-10,1.61722E-06,2
AT5G01650,0.38,5.30718E-11,7.71027E-07,2
AT3G07910,0.38,5.55608E-12,8.07187E-08,2
AT3G59540,0.38,5.46646E-15,7.94167E-11,2
AT5G58420,0.38,5.09564E-21,7.40295E-17,2
AT1G26880,0.38,7.0506E-12,1.02431E-07,2
AT3G55620,0.38,1.92219E-12,2.79256E-08,2
AT3G22310,0.38,1.1249E-11,1.63426E-07,2
AT3G12340,0.38,2.47001E-16,3.58844E-12,2
AT5G03850,0.38,3.73683E-14,5.42887E-10,2
AT1G56045,0.38,6.37291E-12,9.25856E-08,2
AT4G38660,0.38,4.33595E-17,6.29927E-13,2
AT4G27090,0.38,7.48338E-28,1.08718E-23,2
AT5G18790,0.38,3.88396E-11,5.64262E-07,2
AT3G18760,0.38,2.5935E-12,3.76784E-08,2
AT1G26470,0.38,1.36014E-10,1.97601E-06,2
AT2G40590,0.38,1.02091E-10,1.48318E-06,2
AT5G61880,0.38,3.52505E-12,5.12119E-08,2
AT1G71430,0.38,1.69761E-10,2.46629E-06,2
AT4G11240,0.38,2.87076E-11,4.17064E-07,2
AT2G33370,0.37,1.66814E-14,2.42347E-10,2
AT5G55160,0.37,1.21236E-10,1.76132E-06,2
AT5G51940,0.37,2.20561E-11,3.2043E-07,2
AT3G16780,0.37,2.05186E-11,2.98095E-07,2
AT1G22780,0.37,1.94446E-15,2.82491E-11,2
AT3G09700,0.37,1.42213E-13,2.06607E-09,2
AT5G41520,0.37,2.59199E-21,3.76565E-17,2
AT5G02960,0.37,6.74861E-17,9.80437E-13,2
AT3G17465,0.37,1.66075E-10,2.41274E-06,2
AT5G54580,0.37,1.64356E-11,2.38777E-07,2
AT5G10360,0.37,1.75771E-22,2.5536E-18,2
AT5G60030,0.37,1.76139E-09,2.55894E-05,2
AT3G14390,0.37,3.25737E-14,4.73231E-10,2
AT4G00100,0.37,1.69424E-13,2.4614E-09,2
AT2G27710,0.37,1.1259E-20,1.63571E-16,2
AT1G49760,0.37,6.44383E-09,9.3616E-05,2
AT1G03360,0.37,3.92075E-12,5.69607E-08,2
AT3G58660,0.37,7.16313E-12,1.04066E-07,2
AT5G62300,0.37,2.84552E-22,4.13397E-18,2
AT1G72370,0.36,4.20151E-14,6.10396E-10,2
AT3G55280,0.36,1.76239E-15,2.5604E-11,2
AT4G30930,0.36,2.30203E-11,3.34438E-07,2
AT3G02190,0.36,3.14689E-09,4.57181E-05,2
AT5G40770,0.36,2.67542E-15,3.88686E-11,2
AT4G31985,0.36,5.74293E-13,8.34332E-09,2
AT3G25940,0.36,2.54745E-15,3.70094E-11,2
AT1G29070,0.36,1.33247E-14,1.93581E-10,2
AT1G14320,0.36,3.42557E-25,4.97667E-21,2
AT2G27720,0.36,6.72062E-19,9.76372E-15,2
AT4G34670,0.36,3.49504E-16,5.07759E-12,2
AT3G11940,0.36,1.63223E-28,2.37131E-24,2
AT1G73940,0.36,5.06916E-14,7.36447E-10,2
AT2G39700,0.36,2.4353E-11,3.538E-07,2
AT5G28060,0.36,1.06392E-19,1.54567E-15,2
AT3G13230,0.36,4.74064E-10,6.8872E-06,2
AT4G28450,0.36,3.3404E-15,4.85293E-11,2
AT1G69700,0.36,1.42147E-07,0.002065114,2
AT2G37990,0.36,1.07135E-12,1.55646E-08,2
AT3G08520,0.36,8.64388E-10,1.25578E-05,2
AT3G60360,0.36,6.62082E-10,9.61872E-06,2
AT5G56710,0.36,1.683E-15,2.44506E-11,2
AT3G07590,0.36,8.0134E-14,1.16419E-09,2
AT1G80270,0.35,1.00918E-11,1.46613E-07,2
AT5G56670,0.35,7.39848E-18,1.07485E-13,2
AT1G09590,0.35,9.21607E-20,1.33891E-15,2
AT3G27280,0.35,7.38624E-11,1.07307E-06,2
AT1G04480,0.35,5.07443E-16,7.37213E-12,2
AT3G04840,0.35,9.8774E-15,1.43499E-10,2
AT2G20060,0.35,4.27885E-11,6.21631E-07,2
AT3G25520,0.35,9.31402E-13,1.35314E-08,2
AT2G19670,0.35,2.26496E-15,3.29053E-11,2
AT3G09630,0.35,1.76794E-10,2.56847E-06,2
AT2G37340,0.35,2.47118E-10,3.59014E-06,2
AT2G27530,0.35,3.58166E-19,5.20343E-15,2
AT4G23750,0.35,6.22623E-08,0.000904546,2
AT2G17360,0.35,5.32831E-16,7.74097E-12,2
AT1G56680,0.35,5.47961E-14,7.96078E-10,2
AT3G13882,0.35,1.81888E-13,2.64247E-09,2
AT1G14980,0.35,6.56261E-12,9.53416E-08,2
AT2G46230,0.35,1.69361E-10,2.46047E-06,2
AT2G34260,0.35,2.04535E-14,2.97149E-10,2
AT3G53020,0.35,1.90028E-18,2.76073E-14,2
AT2G19480,0.35,2.15699E-10,3.13368E-06,2
AT1G58380,0.35,2.88888E-10,4.19697E-06,2
AT5G62290,0.34,1.92149E-11,2.79154E-07,2
AT1G75670,0.34,6.56327E-15,9.53512E-11,2
AT4G02450,0.34,1.18063E-11,1.71522E-07,2
AT3G02220,0.34,3.15535E-09,4.58409E-05,2
AT1G41880,0.34,3.59995E-12,5.23001E-08,2
AT5G46840,0.34,3.58968E-09,5.21509E-05,2
AT2G40205,0.34,6.85966E-11,9.96572E-07,2
AT4G31120,0.34,1.59893E-14,2.32292E-10,2
AT2G43460,0.34,1.05917E-11,1.53876E-07,2
AT3G13580,0.34,4.98984E-14,7.24924E-10,2
AT4G39200,0.34,8.1665E-16,1.18643E-11,2
AT3G57290,0.34,1.73083E-09,2.51456E-05,2
AT1G03530,0.34,3.98135E-17,5.7841E-13,2
AT2G04030,0.34,1.24057E-09,1.8023E-05,2
AT3G28900,0.34,1.61011E-19,2.33916E-15,2
AT2G39460,0.34,4.47843E-23,6.50626E-19,2
AT3G14600,0.34,8.57634E-14,1.24597E-09,2
AT3G60770,0.34,2.42973E-19,3.52991E-15,2
AT4G01560,0.34,1.71899E-10,2.49736E-06,2
AT2G38810,0.34,1.06903E-08,0.000155309,2
AT2G45520,0.33,2.5922E-10,3.76595E-06,2
AT1G34030,0.33,1.47191E-12,2.13839E-08,2
AT2G36620,0.33,5.1694E-14,7.5101E-10,2
AT5G47930,0.33,6.49166E-15,9.43109E-11,2
AT3G04230,0.33,1.63324E-07,0.002372764,2
AT5G02870,0.33,6.20942E-10,9.02105E-06,2
AT3G27740,0.33,2.73874E-12,3.97884E-08,2
AT1G50110,0.33,5.51472E-16,8.01179E-12,2
AT1G52980,0.33,4.59826E-09,6.68036E-05,2
AT4G18100,0.33,1.62475E-16,2.36044E-12,2
AT3G52040,0.33,3.61382E-10,5.25016E-06,2
AT4G26190,0.33,1.00338E-08,0.000145771,2
AT3G56910,0.33,1.43073E-11,2.07856E-07,2
AT5G64140,0.33,8.30085E-12,1.20595E-07,2
AT5G66860,0.33,1.84801E-11,2.68478E-07,2
AT4G13720,0.33,3.28427E-10,4.77139E-06,2
AT4G24830,0.33,2.10183E-07,0.00305354,2
AT3G53190,0.33,1.11646E-20,1.62199E-16,2
AT1G04270,0.33,5.59975E-26,8.13532E-22,2
AT4G28820,0.33,8.37259E-12,1.21637E-07,2
AT3G53630,0.33,1.89448E-12,2.75231E-08,2
AT4G32605,0.33,9.77749E-12,1.42047E-07,2
AT2G39795,0.33,2.23049E-11,3.24046E-07,2
AT5G42100,0.32,3.55668E-13,5.16715E-09,2
AT1G56200,0.32,9.34899E-09,0.000135822,2
AT2G46280,0.32,4.78281E-09,6.94846E-05,2
AT5G52650,0.32,1.21621E-14,1.76691E-10,2
AT3G04400,0.32,4.86917E-27,7.07393E-23,2
AT5G27990,0.32,9.81491E-10,1.42591E-05,2
AT3G06700,0.32,1.4291E-09,2.07619E-05,2
AT4G33145,0.32,4.31925E-13,6.275E-09,2
AT5G20600,0.32,1.07174E-10,1.55702E-06,2
AT5G47630,0.32,1.39858E-11,2.03185E-07,2
AT4G21110,0.32,1.95266E-09,2.83683E-05,2
AT3G06320,0.32,7.62756E-09,0.000110813,2
AT1G78190,0.32,5.73338E-19,8.32946E-15,2
AT2G29530,0.32,4.6016E-08,0.00066852,2
AT1G74060,0.32,4.83565E-22,7.02523E-18,2
AT4G28510,0.32,9.80473E-10,1.42443E-05,2
AT5G55920,0.32,1.17373E-16,1.7052E-12,2
AT5G66540,0.32,7.64709E-10,1.11097E-05,2
AT2G37860,0.32,3.42233E-08,0.000497197,2
AT3G49470,0.32,5.6046E-10,8.14236E-06,2
AT5G46160,0.32,1.127E-08,0.000163731,2
AT1G76010,0.32,2.31983E-09,3.37025E-05,2
AT3G11250,0.32,1.90688E-08,0.000277032,2
AT2G32220,0.32,3.16639E-07,0.00460013,2
AT5G60340,0.32,1.58945E-07,0.002309157,2
AT1G15390,0.31,8.31486E-11,1.20798E-06,2
AT2G40010,0.31,2.03595E-10,2.95782E-06,2
AT4G27490,0.31,1.46691E-12,2.13113E-08,2
AT1G11240,0.31,3.39785E-08,0.00049364,2
AT4G15000,0.31,9.95719E-22,1.44658E-17,2
AT5G04590,0.31,4.98467E-08,0.000724172,2
AT3G06790,0.31,1.08839E-09,1.58121E-05,2
AT4G34620,0.31,5.59007E-09,8.12125E-05,2
AT1G01210,0.31,2.56939E-11,3.7328E-07,2
AT1G70350,0.31,6.67453E-09,9.69676E-05,2
AT2G47610,0.31,9.29487E-23,1.35036E-18,2
AT3G11710,0.31,1.66589E-07,0.002420201,2
AT2G45640,0.31,5.06393E-12,7.35688E-08,2
AT5G52380,0.31,1.64879E-13,2.39536E-09,2
AT1G17530,0.31,3.10029E-07,0.004504106,2
AT1G55205,0.31,2.53946E-09,3.68933E-05,2
AT1G29320,0.31,1.64838E-13,2.39476E-09,2
AT1G18850,0.31,3.25051E-11,4.72234E-07,2
AT2G41840,0.31,4.3615E-14,6.33639E-10,2
AT3G02560,0.31,2.90896E-12,4.22613E-08,2
AT5G66090,0.31,4.90515E-09,7.1262E-05,2
AT3G13940,0.31,4.29248E-13,6.23611E-09,2
AT5G65220,0.31,3.20712E-09,4.65931E-05,2
AT5G38720,0.31,8.14246E-11,1.18294E-06,2
AT3G56490,0.30,7.18527E-09,0.000104388,2
AT5G08420,0.30,9.14483E-09,0.000132856,2
AT3G59650,0.30,6.51847E-08,0.000947004,2
AT1G31760,0.30,2.34435E-14,3.40587E-10,2
AT2G03820,0.30,1.64277E-07,0.002386609,2
AT5G55190,0.30,1.77913E-09,2.58472E-05,2
AT1G17370,0.30,5.45701E-07,0.00792794,2
AT1G20580,0.30,2.34606E-10,3.40835E-06,2
AT1G56170,0.30,2.47759E-07,0.003599444,2
AT1G01100,0.30,4.21047E-22,6.11697E-18,2
AT2G14880,0.30,3.41631E-19,4.96321E-15,2
AT1G31660,0.30,3.82783E-10,5.56107E-06,2
AT2G36170,0.30,3.93661E-12,5.71911E-08,2
AT2G37020,0.30,4.06686E-13,5.90833E-09,2
AT4G11060,0.30,1.5146E-12,2.20041E-08,2
AT5G47455,0.30,6.45036E-09,9.37109E-05,2
AT3G10110,0.30,3.1699E-11,4.60524E-07,2
AT3G06040,0.30,1.15969E-08,0.000168479,2
AT3G13570,0.30,1.68581E-07,0.00244915,2
AT4G29390,0.30,6.53972E-14,9.50091E-10,2
AT1G70600,0.30,3.82686E-22,5.55966E-18,2
AT3G61100,0.30,2.87384E-09,4.17512E-05,2
AT3G53870,0.30,8.58037E-14,1.24656E-09,2
AT5G05990,0.30,2.35589E-11,3.42264E-07,2
AT1G23860,0.29,4.8845E-09,7.09621E-05,2
AT5G14050,0.29,6.00787E-09,8.72823E-05,2
AT1G02780,0.29,1.08504E-08,0.000157634,2
AT3G46560,0.29,1.40899E-09,2.04697E-05,2
AT2G18220,0.29,2.17802E-12,3.16423E-08,2
AT4G30330,0.29,6.43175E-08,0.000934405,2
AT3G55750,0.29,5.299E-11,7.69839E-07,2
AT3G53430,0.29,3.36771E-09,4.8926E-05,2
AT3G13860,0.29,2.48719E-09,3.61339E-05,2
AT3G60900,0.29,6.85784E-12,9.96307E-08,2
AT5G35530,0.29,2.19254E-13,3.18532E-09,2
AT5G38890,0.29,7.20144E-09,0.000104623,2
AT5G48360,0.29,1.25006E-11,1.81609E-07,2
AT5G13780,0.28,9.78126E-10,1.42102E-05,2
AT5G17710,0.28,1.3583E-07,0.001973334,2
AT3G44010,0.28,1.28443E-09,1.86602E-05,2
AT1G21190,0.28,4.30454E-07,0.006253636,2
AT1G47500,0.28,9.58918E-08,0.001393117,2
AT4G01150,0.28,4.41153E-13,6.40907E-09,2
AT1G09760,0.28,4.44631E-07,0.006459597,2
AT3G05810,0.28,6.69059E-07,0.009720095,2
AT5G22100,0.28,2.12935E-09,3.09352E-05,2
AT5G09650,0.28,1.23974E-07,0.001801093,2
AT1G64970,0.28,3.9354E-16,5.71734E-12,2
AT2G14460,0.28,3.52908E-10,5.12705E-06,2
AT3G22320,0.28,8.59734E-08,0.001249022,2
AT4G00810,0.28,2.30132E-11,3.34336E-07,2
AT1G67430,0.28,3.78664E-17,5.50124E-13,2
AT3G55010,0.28,2.65033E-11,3.85041E-07,2
AT5G23535,0.28,1.94838E-07,0.002830607,2
AT2G22400,0.28,2.77161E-08,0.000402659,2
AT3G48930,0.28,2.75129E-21,3.99708E-17,2
AT4G31360,0.27,4.93514E-10,7.16977E-06,2
AT2G04390,0.27,2.68509E-08,0.000390091,2
AT4G34290,0.27,1.92962E-14,2.80335E-10,2
AT3G12760,0.27,2.30846E-07,0.003353724,2
AT5G02450,0.27,8.52588E-14,1.23864E-09,2
AT5G49645,0.27,5.11411E-12,7.42978E-08,2
AT2G34750,0.27,4.4774E-07,0.006504767,2
AT5G53045,0.27,2.2819E-08,0.000331515,2
AT1G74050,0.27,1.61659E-09,2.34859E-05,2
AT5G56500,0.27,1.54645E-07,0.002246679,2
AT2G20585,0.27,2.37215E-07,0.003446262,2
AT1G79850,0.27,1.41054E-07,0.002049233,2
AT5G42060,0.27,4.54672E-07,0.006605476,2
AT2G17240,0.27,4.35969E-08,0.000633375,2
AT1G60850,0.27,3.59478E-08,0.00052225,2
AT3G12670,0.27,2.34158E-08,0.000340185,2
AT1G14300,0.27,8.64408E-09,0.000125581,2
AT5G61170,0.27,5.64926E-07,0.008207242,2
AT4G33250,0.27,1.34147E-07,0.001948894,2
AT2G19520,0.27,1.14765E-08,0.000166731,2
AT3G01770,0.27,2.81309E-08,0.000408685,2
AT1G04590,0.26,3.58572E-07,0.005209328,2
AT2G03090,0.26,8.8814E-08,0.00129029,2
AT3G11510,0.26,1.27694E-16,1.85514E-12,2
AT1G09660,0.26,1.92995E-07,0.002803837,2
AT1G48350,0.26,5.36092E-09,7.78835E-05,2
AT2G05220,0.26,3.75038E-12,5.44855E-08,2
AT4G26870,0.26,5.65273E-07,0.008212283,2
AT2G21660,0.26,1.2198E-07,0.001772122,2
AT4G18590,0.26,2.79789E-07,0.004064772,2
AT5G60990,0.26,1.99356E-09,2.89625E-05,2
AT2G31610,0.26,1.78185E-07,0.002588678,2
AT5G63670,0.26,2.0722E-07,0.003010498,2
AT5G57280,0.26,1.7042E-10,2.47587E-06,2
ATCG00170,0.26,2.40099E-09,3.48816E-05,2
AT5G16750,0.26,6.03195E-08,0.000876321,2
AT5G11240,0.26,2.07859E-13,3.01977E-09,2
AT4G35490,0.26,2.09111E-09,3.03796E-05,2
AT5G10920,0.26,1.77458E-07,0.002578116,2
AT1G06190,0.26,1.54795E-10,2.24886E-06,2
AT1G33120,0.26,2.06248E-12,2.99638E-08,2
AT4G28200,0.26,4.94677E-09,7.18667E-05,2
AT2G37400,0.26,4.42864E-11,6.43393E-07,2
AT3G47370,0.26,5.49241E-08,0.000797937,2
AT5G61310,0.26,6.28418E-07,0.009129653,2
AT4G04620,0.26,8.23167E-11,1.1959E-06,2
AT3G61620,0.25,6.26196E-08,0.000909738,2
AT3G49990,0.25,8.80726E-08,0.001279519,2
AT2G47790,0.25,2.04355E-09,2.96887E-05,2
AT3G15590,0.25,2.14205E-10,3.11197E-06,2
AT4G21140,0.25,2.60095E-07,0.003778664,2
AT3G56990,0.25,1.64729E-08,0.000239318,2
AT1G77030,0.25,2.27608E-10,3.30669E-06,2
AT4G01310,0.25,1.45882E-07,0.002119379,2
AT3G59840,0.25,7.81799E-08,0.001135798,2
AT4G26780,0.25,1.26387E-07,0.001836157,2
AT4G39520,0.25,5.39867E-07,0.007843191,2
AT1G58270,0.85,1.24819E-21,1.81337E-17,3
AT5G42020,0.74,1.44166E-15,2.09444E-11,3
AT1G12090,0.73,2.01392E-07,0.002925822,3
AT1G27140,0.69,1.11618E-15,1.62159E-11,3
AT3G54960,0.64,1.84629E-15,2.68229E-11,3
AT1G21750,0.62,1.03196E-19,1.49922E-15,3
AT5G04470,0.62,1.79894E-17,2.6135E-13,3
AT1G21310,0.61,3.34845E-11,4.86463E-07,3
AT1G16000,0.59,2.27461E-23,3.30455E-19,3
AT2G24260,0.57,7.19781E-21,1.0457E-16,3
AT1G67330,0.56,1.588E-15,2.30704E-11,3
AT3G62120,0.53,6.49617E-18,9.43763E-14,3
AT3G53370,0.51,8.3498E-16,1.21306E-11,3
AT5G50460,0.49,1.20779E-19,1.75467E-15,3
AT1G27330,0.48,9.85495E-15,1.43173E-10,3
AT4G24920,0.47,1.07666E-15,1.56417E-11,3
AT1G09210,0.47,2.07032E-16,3.00775E-12,3
AT4G30980,0.46,1.74037E-15,2.5284E-11,3
AT3G62600,0.45,1.23613E-11,1.79585E-07,3
AT1G56340,0.45,4.18509E-12,6.08009E-08,3
AT5G64140,0.45,5.66531E-19,8.23056E-15,3
AT4G39260,0.44,1.7265E-10,2.50826E-06,3
AT1G14980,0.42,8.53456E-18,1.2399E-13,3
AT3G03250,0.41,1.3293E-07,0.001931202,3
AT1G49410,0.40,1.1375E-12,1.65256E-08,3
AT5G60460,0.40,8.76675E-11,1.27363E-06,3
AT3G11120,0.40,1.44284E-14,2.09616E-10,3
AT2G16600,0.38,2.29744E-18,3.33773E-14,3
AT4G34870,0.38,3.67848E-16,5.34409E-12,3
AT1G12420,0.38,1.95349E-15,2.83802E-11,3
AT1G66270,0.38,3.59549E-14,5.22353E-10,3
AT1G13950,0.38,1.2583E-12,1.82805E-08,3
AT3G56020,0.37,2.07973E-11,3.02143E-07,3
AT3G48570,0.37,3.3823E-12,4.91381E-08,3
AT2G40205,0.37,1.83911E-11,2.67186E-07,3
AT2G27710,0.36,1.21914E-20,1.77116E-16,3
AT5G61170,0.36,1.9316E-19,2.80623E-15,3
AT1G62810,0.36,3.38024E-09,4.91081E-05,3
AT5G61790,0.36,4.33053E-07,0.006291401,3
AT3G07880,0.36,6.60658E-09,9.59805E-05,3
AT2G07708,0.35,2.94014E-08,0.000427143,3
AT3G02230,0.35,3.77692E-11,5.48712E-07,3
AT1G77750,0.35,4.66225E-09,6.77332E-05,3
AT3G16780,0.34,3.07174E-13,4.46262E-09,3
AT1G27435,0.34,4.35142E-11,6.32175E-07,3
AT2G45070,0.34,4.73395E-14,6.87748E-10,3
AT3G11510,0.34,4.20815E-27,6.1136E-23,3
AT5G58710,0.33,8.20932E-10,1.19265E-05,3
AT2G32380,0.33,3.01347E-08,0.000437797,3
AT3G47370,0.33,5.09239E-09,7.39823E-05,3
AT2G41780,0.33,2.40063E-08,0.000348764,3
AT5G57290,0.33,3.0573E-24,4.44164E-20,3
AT1G18080,0.32,1.40018E-07,0.002034187,3
AT2G36620,0.32,4.06173E-21,5.90089E-17,3
AT3G58700,0.32,8.53716E-13,1.24028E-08,3
AT3G60245,0.32,1.55357E-22,2.25703E-18,3
AT1G65290,0.32,1.5354E-16,2.23064E-12,3
AT4G29390,0.32,8.74143E-16,1.26995E-11,3
AT3G53430,0.31,3.68142E-14,5.34837E-10,3
AT3G18780,0.31,1.65276E-17,2.40113E-13,3
AT2G29530,0.31,3.73774E-10,5.43019E-06,3
AT3G62810,0.31,1.89077E-09,2.74691E-05,3
AT4G25890,0.31,1.24579E-09,1.80988E-05,3
AT3G20370,0.31,9.8604E-08,0.00143252,3
AT3G12390,0.31,5.08843E-13,7.39246E-09,3
AT1G33120,0.30,2.45456E-19,3.56599E-15,3
AT3G55280,0.30,3.64435E-19,5.29452E-15,3
AT5G03850,0.30,4.23544E-16,6.15325E-12,3
AT2G21580,0.30,4.94616E-16,7.18578E-12,3
AT3G23175,0.30,3.20993E-10,4.66339E-06,3
AT5G48580,0.30,1.61281E-10,2.34308E-06,3
AT3G06680,0.30,6.87192E-08,0.000998353,3
AT3G06700,0.30,6.46986E-16,9.39941E-12,3
AT1G09590,0.29,1.81688E-15,2.63956E-11,3
AT2G39460,0.29,2.64715E-20,3.84578E-16,3
AT5G59410,0.29,7.41228E-08,0.001076856,3
AT5G25830,0.29,1.39461E-08,0.000202609,3
AT2G44120,0.29,1.97938E-18,2.87564E-14,3
AT5G56710,0.29,2.91364E-23,4.23293E-19,3
AT5G56670,0.29,1.46814E-19,2.13291E-15,3
AT2G17720,0.29,2.83968E-08,0.000412548,3
AT3G28900,0.29,5.04154E-12,7.32434E-08,3
AT4G40042,0.28,2.55048E-07,0.003705341,3
AT3G46560,0.28,7.15407E-08,0.001039343,3
AT4G16720,0.28,3.68412E-22,5.35228E-18,3
AT3G60530,0.28,2.53582E-08,0.000368405,3
AT1G18540,0.28,2.3776E-16,3.45418E-12,3
AT4G37910,0.28,5.19836E-08,0.000755217,3
AT1G09640,0.28,9.42619E-11,1.36944E-06,3
AT3G01130,0.28,1.32873E-07,0.00193038,3
AT5G62330,0.28,1.64265E-14,2.38644E-10,3
AT2G21660,0.28,1.10646E-10,1.60747E-06,3
AT5G47930,0.27,2.86113E-19,4.15666E-15,3
AT4G11010,0.27,8.4148E-12,1.2225E-07,3
AT5G59613,0.27,6.83136E-09,9.9246E-05,3
AT4G13850,0.27,1.90172E-18,2.76281E-14,3
AT5G14030,0.27,2.34088E-11,3.40083E-07,3
AT1G41880,0.27,1.9202E-16,2.78967E-12,3
AT2G32060,0.27,1.16581E-13,1.69369E-09,3
AT2G20450,0.27,1.47423E-12,2.14176E-08,3
AT3G05020,0.27,8.3072E-08,0.001206871,3
AT1G47640,0.27,6.05588E-07,0.00879798,3
AT2G29730,0.27,1.22385E-09,1.77801E-05,3
AT2G39390,0.27,2.64932E-11,3.84893E-07,3
AT2G35120,0.26,1.57922E-07,0.002294295,3
AT1G33140,0.26,1.45551E-21,2.11457E-17,3
AT1G72370,0.26,5.18486E-19,7.53256E-15,3
AT5G22440,0.26,7.18452E-14,1.04377E-09,3
AT5G39320,0.26,2.12468E-10,3.08673E-06,3
AT5G59850,0.26,2.32744E-11,3.38131E-07,3
AT2G33370,0.26,2.56537E-15,3.72698E-11,3
AT4G31700,0.26,4.31496E-12,6.26877E-08,3
AT1G01050,0.26,2.22882E-07,0.003238025,3
AT1G07920,0.26,4.41072E-09,6.4079E-05,3
AT3G61110,0.26,3.41576E-17,4.96242E-13,3
AT2G36170,0.25,2.99449E-12,4.3504E-08,3
AT4G34670,0.25,1.99748E-19,2.90195E-15,3
AT2G18020,0.25,7.70881E-18,1.11994E-13,3
AT4G14320,0.25,4.41378E-12,6.41233E-08,3
AT5G09510,0.25,4.74214E-09,6.88938E-05,3
AT1G66410,0.25,1.82511E-16,2.65151E-12,3
AT2G33840,0.25,2.5786E-07,0.003746187,3
AT2G37190,0.25,3.04484E-21,4.42354E-17,3
AT2G25210,0.25,5.75216E-13,8.35674E-09,3
AT2G34585,0.25,3.03075E-07,0.004403079,3
AT4G34200,0.25,6.84946E-09,9.9509E-05,3
AT3G55750,0.25,3.12934E-18,4.5463E-14,3
